method,run_id,started_at_iso,finished_at_iso,domain,url_id,url,http_status,status,elapsed_sec,timeout,timeout_sec,retries,size_bytes,notes
scrapy,2025-08-26T12-46-12Z,2025-08-26T12:46:15.144705+00:00,2025-08-26T12:46:15.249967+00:00,,1,Link,0,error:InvalidArgumentException,0.09,1,300,0,0,
scrapy,2025-08-26T12-46-12Z,2025-08-26T12:46:41.851655+00:00,2025-08-26T12:46:46.897255+00:00,www.farfetch.com,2,https://www.farfetch.com/vn/shopping/women/jacquemus-le-bambino-long-shoulder-bag-item-17756159.aspx?storeid=9183,0,error:AttributeError,5.05,1,300,0,0,
scrapy,2025-08-26T12-46-12Z,2025-08-26T12:47:16.249322+00:00,2025-08-26T12:47:19.806746+00:00,www.farfetch.com,3,https://www.farfetch.com/vn/shopping/women/salomon-xt-6-sneakers-item-24318535.aspx?storeid=9158,0,error:AttributeError,3.56,1,300,0,0,
scrapy,2025-08-26T12-46-12Z,2025-08-26T12:47:44.300616+00:00,2025-08-26T12:47:47.754086+00:00,www.farfetch.com,4,https://www.farfetch.com/vn/shopping/women/self-portrait-satin-flower-embellished-mini-dress-item-29302372.aspx?storeid=11935,0,error:AttributeError,3.45,1,300,0,0,
scrapy,2025-08-26T12-46-12Z,2025-08-26T12:48:11.316199+00:00,2025-08-26T12:48:16.686774+00:00,www.farfetch.com,5,https://www.farfetch.com/vn/shopping/women/ami-paris-ami-de-coeur-corduroy-cap-item-20250189.aspx?storeid=9846,0,error:AttributeError,5.36,1,300,0,0,
scrapy,2025-08-26T12-46-12Z,2025-08-26T12:48:44.143729+00:00,2025-08-26T12:48:49.823442+00:00,www.farfetch.com,6,https://www.farfetch.com/vn/shopping/women/jacquemus-le-chiquito-long-tote-bag-item-17819103.aspx?storeid=9053,0,error:AttributeError,5.67,1,300,0,0,
scrapy,2025-08-26T12-46-12Z,2025-08-26T12:49:18.450155+00:00,2025-08-26T12:49:23.845816+00:00,www.farfetch.com,7,https://www.farfetch.com/vn/shopping/women/solace-london-alba-maxi-dress-item-25612611.aspx?storeid=10222,0,error:AttributeError,5.41,1,300,0,0,
scrapy,2025-08-26T12-46-12Z,2025-08-26T12:49:49.635770+00:00,2025-08-26T12:49:54.151259+00:00,www.farfetch.com,8,https://www.farfetch.com/vn/shopping/women/marc-jacobs-the-crystal-denim-sneakers-item-22510295.aspx?storeid=11696,0,error:AttributeError,4.52,1,300,0,0,
scrapy,2025-08-26T12-46-12Z,2025-08-26T12:50:23.337923+00:00,2025-08-26T12:50:30.990578+00:00,www.farfetch.com,9,https://www.farfetch.com/vn/shopping/women/rotate-birger-christensen-lace-puff-sleeve-midi-dress-item-27195303.aspx?storeid=10224,0,error:AttributeError,7.66,1,300,0,0,
scrapy,2025-08-26T12-46-12Z,2025-08-26T12:50:59.242024+00:00,2025-08-26T12:51:04.913838+00:00,www.farfetch.com,10,https://www.farfetch.com/vn/shopping/women/brigitte-bandeau-bikini-set-item-22699860.aspx?storeid=9196,0,error:AttributeError,5.67,1,300,0,0,
scrapy,2025-08-26T12-46-12Z,2025-08-26T12:51:25.253720+00:00,2025-08-26T12:51:31.580552+00:00,www.farfetch.com,11,https://www.farfetch.com/vn/shopping/women/casablanca-monogram-polo-shirt-item-28894894.aspx?storeid=10806,0,error:AttributeError,6.33,1,300,0,0,
scrapy,2025-08-26T12-46-12Z,2025-08-26T12:52:00.464967+00:00,2025-08-26T12:52:16.188879+00:00,www.zara.com,12,https://www.zara.com/us/en/limited-edition-beaded-cord-necklace-p02326800.html,0,error:AttributeError,15.73,1,300,0,0,
scrapy,2025-08-26T12-46-12Z,2025-08-26T12:52:42.828430+00:00,2025-08-26T12:53:04.772883+00:00,www.zara.com,13,https://www.zara.com/us/en/striped-limited-edition-bikini-top-p02910221.html,0,error:AttributeError,21.94,1,300,0,0,
scrapy,2025-08-26T12-46-12Z,2025-08-26T12:53:26.180518+00:00,2025-08-26T12:53:47.919121+00:00,www.zara.com,14,https://www.zara.com/us/en/limited-edition-striped-midi-dress-p03780718.html,0,error:AttributeError,21.73,1,300,0,0,
scrapy,2025-08-26T12-46-12Z,2025-08-26T12:54:07.948411+00:00,2025-08-26T12:54:29.858770+00:00,www.zara.com,15,https://www.zara.com/us/en/limited-edition-striped-bikini-bottoms-p02910220.html,0,error:AttributeError,21.91,1,300,0,0,
scrapy,2025-08-26T12-46-12Z,2025-08-26T12:54:59.682739+00:00,2025-08-26T12:55:22.495005+00:00,www.zara.com,16,https://www.zara.com/us/en/limited-edition-striped-bikini-bottoms-p02910222.html,0,error:AttributeError,22.81,1,300,0,0,
scrapy,2025-08-26T12-46-12Z,2025-08-26T12:55:42.732711+00:00,2025-08-26T12:56:04.634031+00:00,www.zara.com,17,https://www.zara.com/us/en/fringe-bikini-bottoms-kate-moss-x-zara-p02856208.html,0,error:AttributeError,21.91,1,300,0,0,
scrapy,2025-08-26T12-46-12Z,2025-08-26T12:56:27.475399+00:00,2025-08-26T12:56:49.610975+00:00,www.zara.com,18,https://www.zara.com/us/en/limited-edition-striped-halter-dress-p03828717.html,0,error:AttributeError,22.14,1,300,0,0,
scrapy,2025-08-26T12-46-12Z,2025-08-26T12:57:15.722013+00:00,2025-08-26T12:57:37.474618+00:00,www.zara.com,19,https://www.zara.com/us/en/striped-swimsuit-limited-edition-p02910212.html,0,error:AttributeError,21.75,1,300,0,0,
scrapy,2025-08-26T12-46-12Z,2025-08-26T12:58:01.364349+00:00,2025-08-26T12:58:23.116137+00:00,www.zara.com,20,https://www.zara.com/us/en/limited-edition-striped-belted-dress-p03666716.html,0,error:AttributeError,21.75,1,300,0,0,
scrapy,2025-08-26T12-46-12Z,2025-08-26T12:58:47.707978+00:00,2025-08-26T12:59:09.421440+00:00,www.zara.com,21,https://www.zara.com/us/en/contrast-printed-bikini-bottoms-p02856204.html,0,error:AttributeError,21.7,1,300,0,0,
scrapy,2025-08-26T12-46-12Z,2025-08-26T12:59:34.553333+00:00,2025-08-26T12:59:56.424386+00:00,www2.hm.com,22,https://www2.hm.com/en_us/productpage.1292677001.html,0,error:AttributeError,21.88,1,300,0,0,
scrapy,2025-08-26T12-46-12Z,2025-08-26T13:00:23.341976+00:00,2025-08-26T13:00:23.773962+00:00,www2.hm.com,23,https://www2.hm.com/en_us/productpage.1274174054.html,0,error:AttributeError,0.44,1,300,0,0,
scrapy,2025-08-26T12-46-12Z,2025-08-26T13:00:51.157841+00:00,2025-08-26T13:00:52.859884+00:00,www2.hm.com,24,https://www2.hm.com/en_us/productpage.1296219002.html,0,error:AttributeError,1.7,1,300,0,0,
scrapy,2025-08-26T12-46-12Z,2025-08-26T13:01:17.692461+00:00,2025-08-26T13:01:21.215066+00:00,www2.hm.com,25,https://www2.hm.com/en_us/productpage.1292586003.html,0,error:AttributeError,3.52,1,300,0,0,
scrapy,2025-08-26T12-46-12Z,2025-08-26T13:01:48.464777+00:00,2025-08-26T13:01:50.607265+00:00,www2.hm.com,26,https://www2.hm.com/en_us/productpage.1292589002.html,0,error:AttributeError,2.14,1,300,0,0,
scrapy,2025-08-26T12-46-12Z,2025-08-26T13:02:20.491356+00:00,2025-08-26T13:02:22.264275+00:00,www2.hm.com,27,https://www2.hm.com/en_us/productpage.1274174051.html,0,error:AttributeError,1.77,1,300,0,0,
scrapy,2025-08-26T12-46-12Z,2025-08-26T13:02:51.780071+00:00,2025-08-26T13:02:54.166778+00:00,www2.hm.com,28,https://www2.hm.com/en_us/productpage.1274174006.html,0,error:AttributeError,2.39,1,300,0,0,
scrapy,2025-08-26T12-46-12Z,2025-08-26T13:03:15.004600+00:00,2025-08-26T13:03:18.011077+00:00,www2.hm.com,29,https://www2.hm.com/en_us/productpage.1290433001.html,0,error:AttributeError,3,1,300,0,0,
scrapy,2025-08-26T12-46-12Z,2025-08-26T13:03:43.387874+00:00,2025-08-26T13:03:48.109147+00:00,www2.hm.com,30,https://www2.hm.com/en_us/productpage.1290992004.html,0,error:AttributeError,4.72,1,300,0,0,
scrapy,2025-08-26T12-46-12Z,2025-08-26T13:04:16.069439+00:00,2025-08-26T13:04:18.190026+00:00,www2.hm.com,31,https://www2.hm.com/en_us/productpage.1297263001.html,0,error:AttributeError,2.12,1,300,0,0,
scrapy,2025-08-26T12-46-12Z,2025-08-26T13:04:43.359856+00:00,2025-08-26T13:04:47.259862+00:00,www.flannels.com,32,https://www.flannels.com/casablanca-mens-graphic-cotton-larche-tennis-club-t-shirt-528352#colcode=52835201,0,error:AttributeError,3.89,1,300,0,0,
scrapy,2025-08-26T12-46-12Z,2025-08-26T13:05:08.464161+00:00,2025-08-26T13:05:15.109641+00:00,www.flannels.com,33,https://www.flannels.com/cp-company-diagonal-raised-fleece-hoodie-533531#colcode=53353130,0,error:AttributeError,6.66,1,300,0,0,
scrapy,2025-08-26T12-46-12Z,2025-08-26T13:05:40.327123+00:00,2025-08-26T13:05:43.059189+00:00,www.flannels.com,34,https://www.flannels.com/stone-island-tela-cargo-shorts-478965#colcode=47896503,0,error:AttributeError,2.73,1,300,0,0,
scrapy,2025-08-26T12-46-12Z,2025-08-26T13:06:11.780101+00:00,2025-08-26T13:06:15.271002+00:00,www.flannels.com,35,https://www.flannels.com/stone-island-camo-smock-619397#colcode=61939702,0,error:AttributeError,3.5,1,300,0,0,
scrapy,2025-08-26T12-46-12Z,2025-08-26T13:06:38.048953+00:00,2025-08-26T13:06:40.713493+00:00,www.flannels.com,36,https://www.flannels.com/boss-boss-c-hanry-252-10271168-01-520004#colcode=52000418,0,error:AttributeError,2.66,1,300,0,0,
scrapy,2025-08-26T12-46-12Z,2025-08-26T13:07:00.723967+00:00,2025-08-26T13:07:04.317519+00:00,www.flannels.com,37,https://www.flannels.com/cp-company-zipped-overshirt-607127#colcode=60712784,0,error:AttributeError,3.59,1,300,0,0,
scrapy,2025-08-26T12-46-12Z,2025-08-26T13:07:29.302703+00:00,2025-08-26T13:07:33.176837+00:00,www.flannels.com,38,https://www.flannels.com/dsquared2-cool-guy-slim-jeans-644430#colcode=64443040,0,error:AttributeError,3.88,1,300,0,0,
scrapy,2025-08-26T12-46-12Z,2025-08-26T13:07:53.500004+00:00,2025-08-26T13:07:55.466035+00:00,www.flannels.com,39,https://www.flannels.com/fear-of-god-essentials-fge-always-on-swtpnt-sn00-488040#colcode=48804003,0,error:AttributeError,1.97,1,300,0,0,
scrapy,2025-08-26T12-46-12Z,2025-08-26T13:08:21.177283+00:00,2025-08-26T13:08:24.918599+00:00,www.flannels.com,40,https://www.flannels.com/stone-island-logo-cotton-shorts-474373#colcode=47437302,0,error:AttributeError,3.73,1,300,0,0,
scrapy,2025-08-26T12-46-12Z,2025-08-26T13:08:48.661320+00:00,2025-08-26T13:08:51.206105+00:00,www.flannels.com,41,https://www.flannels.com/polo-ralph-lauren-slim-fit-logo-oxford-shirt-558452#colcode=55845201,0,error:AttributeError,2.55,1,300,0,0,
scrapy,2025-08-26T12-46-12Z,2025-08-26T13:09:13.270949+00:00,2025-08-26T13:09:17.033042+00:00,www.24s.com,42,https://www.24s.com/en-fr/cloe-shirt-jacket-s-max-mara_SMXH838GBRW?color=brown,0,ok,3.77,0,300,0,0,
scrapy,2025-08-26T12-46-12Z,2025-08-26T13:09:42.037778+00:00,2025-08-26T13:09:44.614768+00:00,www.24s.com,43,https://www.24s.com/en-fr/ballet-runner-20-in-nylon-and-calfskin-loewe_LOE59565GRY?color=grey,0,ok,2.58,0,300,0,0,
scrapy,2025-08-26T12-46-12Z,2025-08-26T13:10:06.749228+00:00,2025-08-26T13:10:09.249938+00:00,www.24s.com,44,https://www.24s.com/en-fr/madame-long-coat-max-mara_MAXH3DFUBCK?color=black,0,ok,2.5,0,300,0,0,
scrapy,2025-08-26T12-46-12Z,2025-08-26T13:10:36.258671+00:00,2025-08-26T13:10:38.123586+00:00,www.24s.com,45,https://www.24s.com/en-fr/ava-bag-in-triomphe-canvas-and-calfskin-celine_CEL6U9D5BEI?color=beige,0,ok,1.86,0,300,0,0,
scrapy,2025-08-26T12-46-12Z,2025-08-26T13:11:06.282829+00:00,2025-08-26T13:11:07.964321+00:00,www.24s.com,46,https://www.24s.com/en-fr/bang-bang-vanity-case-bottega-veneta_BOT2MX49GE1?color=green,0,ok,1.67,0,300,0,0,
scrapy,2025-08-26T12-46-12Z,2025-08-26T13:11:29.976058+00:00,2025-08-26T13:11:30.239282+00:00,www.24s.com,47,https://www.24s.com/en-fr/puzzle-edge-landscape-small-bag-loewe_LOE8XR67GEE?color=green,0,ok,0.27,0,300,0,0,
scrapy,2025-08-26T12-46-12Z,2025-08-26T13:11:51.596860+00:00,2025-08-26T13:11:51.819889+00:00,www.24s.com,48,https://www.24s.com/en-fr/pebble-slide-in-soft-calfskin-loewe_LOE2XD32BRW?color=brown,0,ok,0.22,0,300,0,0,
scrapy,2025-08-26T12-46-12Z,2025-08-26T13:12:18.487062+00:00,2025-08-26T13:12:18.669360+00:00,www.24s.com,49,https://www.24s.com/en-fr/courcelles-down-jacket-moncler_MC12574GBCK?color=black,0,ok,0.17,0,300,0,0,
scrapy,2025-08-26T12-46-12Z,2025-08-26T13:12:40.445026+00:00,2025-08-26T13:12:40.625228+00:00,www.24s.com,50,https://www.24s.com/en-fr/ease-buckle-slides-in-calfskin-suede-loewe_LOE76D4KBRW?color=brown,0,ok,0.19,0,300,0,0,
scrapy,2025-08-26T12-46-12Z,2025-08-26T13:13:09.282806+00:00,2025-08-26T13:13:09.531302+00:00,www.24s.com,51,https://www.24s.com/en-fr/flow-runner-20-in-nylon-and-suede-loewe_LOE457PQBEI?color=beige,0,ok,0.23,0,300,0,0,
scrapy,2025-08-26T12-46-12Z,2025-08-26T13:13:35.995423+00:00,2025-08-26T13:13:59.264823+00:00,apkpure.com,52,https://apkpure.com/somnia/com.AltayGames.Somnia,0,ok,23.27,0,300,0,0,
scrapy,2025-08-26T12-46-12Z,2025-08-26T13:14:28.022777+00:00,2025-08-26T13:14:30.089164+00:00,apkpure.com,53,https://apkpure.com/cookierun-tower-of-adventures/com.devsisters.cba,0,ok,2.06,0,300,0,0,
scrapy,2025-08-26T12-46-12Z,2025-08-26T13:14:55.138939+00:00,2025-08-26T13:14:56.740935+00:00,apkpure.com,54,https://apkpure.com/gun-action-shoot-n-run/com.ketchapp.gunaction,0,ok,1.61,0,300,0,0,
scrapy,2025-08-26T12-46-12Z,2025-08-26T13:15:25.614874+00:00,2025-08-26T13:15:27.587856+00:00,apkpure.com,55,https://apkpure.com/toilet-agents/com.MEMOLOGIYA.ToiletCompany,0,ok,1.97,0,300,0,0,
scrapy,2025-08-26T12-46-12Z,2025-08-26T13:15:57.496048+00:00,2025-08-26T13:15:58.934139+00:00,apkpure.com,56,https://apkpure.com/tank-war-defender-2/com.darie.twd2,0,ok,1.44,0,300,0,0,
scrapy,2025-08-26T12-46-12Z,2025-08-26T13:16:27.055693+00:00,2025-08-26T13:16:28.478382+00:00,apkpure.com,57,https://apkpure.com/casual-pursuit-police-chase/com.CuriousDogGames.CasualPursuit,0,ok,1.42,0,300,0,0,
scrapy,2025-08-26T12-46-12Z,2025-08-26T13:16:56.373523+00:00,2025-08-26T13:16:57.762561+00:00,apkpure.com,58,https://apkpure.com/fortress-frontlines/com.sandsoft.fingerwarriors,0,ok,1.39,0,300,0,0,
scrapy,2025-08-26T12-46-12Z,2025-08-26T13:17:20.750676+00:00,2025-08-26T13:17:23.322007+00:00,apkpure.com,59,https://apkpure.com/camo-assassin/com.hsa.games.camoassassin,0,ok,2.56,0,300,0,0,
scrapy,2025-08-26T12-46-12Z,2025-08-26T13:17:49.604747+00:00,2025-08-26T13:17:51.049281+00:00,apkpure.com,60,https://apkpure.com/angry-shark-attack-shark-game/com.attack.hungary.shark.simulator,0,ok,1.45,0,300,0,0,
scrapy,2025-08-26T12-46-12Z,2025-08-26T13:18:13.014914+00:00,2025-08-26T13:18:14.650915+00:00,apkpure.com,61,https://apkpure.com/fps-mission-counter-shooting/com.champapps.fpsshooting,0,ok,1.64,0,300,0,0,
scrapy,2025-08-26T12-46-12Z,2025-08-26T13:18:35.639001+00:00,2025-08-26T13:19:18.031434+00:00,appagg.com,62,https://appagg.com/android/communication/whatsapp-messenger-2357627.html?hl=en,0,ok,42.39,0,300,0,0,
scrapy,2025-08-26T12-46-12Z,2025-08-26T13:19:43.354140+00:00,2025-08-26T13:20:25.564950+00:00,appagg.com,63,https://appagg.com/android/social/facebook-2520092.html?hl=en,0,ok,42.22,0,300,0,0,
scrapy,2025-08-26T12-46-12Z,2025-08-26T13:20:49.297837+00:00,2025-08-26T13:21:31.531001+00:00,appagg.com,64,https://appagg.com/android/video-players/youtube-2305964.html?hl=en,0,ok,42.22,0,300,0,0,
scrapy,2025-08-26T12-46-12Z,2025-08-26T13:21:53.479270+00:00,2025-08-26T13:22:35.677397+00:00,appagg.com,65,https://appagg.com/android/social/instagram-3724510.html?hl=en,0,ok,42.2,0,300,0,0,
scrapy,2025-08-26T12-46-12Z,2025-08-26T13:23:02.697441+00:00,2025-08-26T13:23:23.859584+00:00,appagg.com,66,https://appagg.com/android/communication/messenger-2367809.html?hl=en,0,ok,21.16,0,300,0,0,
scrapy,2025-08-26T12-46-12Z,2025-08-26T13:23:46.035698+00:00,2025-08-26T13:24:28.441289+00:00,appagg.com,67,https://appagg.com/android/social/tiktok-videos-shop-live-15417706.html?hl=en,0,ok,42.41,0,300,0,0,
scrapy,2025-08-26T12-46-12Z,2025-08-26T13:24:51.443957+00:00,2025-08-26T13:25:33.669267+00:00,appagg.com,68,https://appagg.com/android/shopping/flipkart-online-shopping-app-40075034.html?hl=en,0,ok,42.22,0,300,0,0,
scrapy,2025-08-26T12-46-12Z,2025-08-26T13:25:55.480207+00:00,2025-08-26T13:26:16.668074+00:00,appagg.com,69,https://appagg.com/android/photography/google-photos-14850494.html?hl=en,0,ok,21.19,0,300,0,0,
scrapy,2025-08-26T12-46-12Z,2025-08-26T13:26:39.862266+00:00,2025-08-26T13:27:22.119251+00:00,appagg.com,70,https://appagg.com/android/communication/google-chrome-2357389.html?hl=en,0,ok,42.25,0,300,0,0,
scrapy,2025-08-26T12-46-12Z,2025-08-26T13:27:50.027405+00:00,2025-08-26T13:28:32.282616+00:00,appagg.com,71,https://appagg.com/android/tools/google-play-services-3841816.html?hl=en,0,ok,42.27,0,300,0,0,
scrapy,2025-08-26T12-46-12Z,2025-08-26T13:28:56.792064+00:00,2025-08-26T13:28:59.341888+00:00,www.appbrain.com,72,https://www.appbrain.com/app/offroad-league-online/com.RoosterGames.OffroadLeague,0,ok,2.55,0,300,0,0,
scrapy,2025-08-26T12-46-12Z,2025-08-26T13:29:24.363878+00:00,2025-08-26T13:29:26.531350+00:00,www.appbrain.com,73,https://www.appbrain.com/app/e-halsangandn/com.eparwarda.ehalsangandn,0,ok,2.16,0,300,0,0,
scrapy,2025-08-26T12-46-12Z,2025-08-26T13:29:47.499149+00:00,2025-08-26T13:29:48.790510+00:00,www.appbrain.com,74,https://www.appbrain.com/app/hamara-tunnel-lite/com.hamarateam.litetunnel,0,ok,1.3,0,300,0,0,
scrapy,2025-08-26T12-46-12Z,2025-08-26T13:30:10.879343+00:00,2025-08-26T13:30:12.609838+00:00,www.appbrain.com,75,https://www.appbrain.com/app/war-drone-3d-shooting-games/com.miniclip.drone1,0,ok,1.73,0,300,0,0,
scrapy,2025-08-26T12-46-12Z,2025-08-26T13:30:36.871093+00:00,2025-08-26T13:30:38.521849+00:00,www.appbrain.com,76,https://www.appbrain.com/app/bts-cooking-on-stove-tinytan/com.smilegate.bcos2.stove.google,0,ok,1.66,0,300,0,0,
scrapy,2025-08-26T12-46-12Z,2025-08-26T13:31:05.903097+00:00,2025-08-26T13:31:07.374116+00:00,www.appbrain.com,77,https://www.appbrain.com/app/magic-chess-go-go/com.mobilechess.gp,0,ok,1.47,0,300,0,0,
scrapy,2025-08-26T12-46-12Z,2025-08-26T13:31:33.047974+00:00,2025-08-26T13:31:34.435250+00:00,www.appbrain.com,78,https://www.appbrain.com/app/mix-master-brainrot-merge/com.aimix.animals.monster.master.mashup,0,ok,1.38,0,300,0,0,
scrapy,2025-08-26T12-46-12Z,2025-08-26T13:31:55.356485+00:00,2025-08-26T13:31:56.743673+00:00,www.appbrain.com,79,https://www.appbrain.com/app/bear-vpn-fast-vpn-proxy/com.bear.vpn.super.fast.unlimited.connect,0,ok,1.39,0,300,0,0,
scrapy,2025-08-26T12-46-12Z,2025-08-26T13:32:26.597770+00:00,2025-08-26T13:32:29.208939+00:00,www.appbrain.com,80,https://www.appbrain.com/app/grand-hustle-rp-online-game/com.NikitaPokruchin.ALTCITYOnline,0,ok,2.61,0,300,0,0,
scrapy,2025-08-26T12-46-12Z,2025-08-26T13:32:53.965911+00:00,2025-08-26T13:32:55.503418+00:00,www.appbrain.com,81,https://www.appbrain.com/app/day-night-live-wallpapers/com.day.night.live.wallpapers,0,ok,1.55,0,300,0,0,
scrapy,2025-08-26T12-46-12Z,2025-08-26T13:33:24.911524+00:00,2025-08-26T13:33:27.773924+00:00,pubg-mobile-tencent-games.en.aptoide.com,82,https://pubg-mobile-tencent-games.en.aptoide.com/app,0,error:AttributeError,2.86,1,300,0,0,
scrapy,2025-08-26T12-46-12Z,2025-08-26T13:33:55.315697+00:00,2025-08-26T13:33:57.348703+00:00,freefire-111dots-studio.en.aptoide.com,83,https://freefire-111dots-studio.en.aptoide.com/app,0,error:AttributeError,2.03,1,300,0,0,
scrapy,2025-08-26T12-46-12Z,2025-08-26T13:34:23.066366+00:00,2025-08-26T13:34:24.428836+00:00,pubg-mobile-lite-tencent-games.en.aptoide.com,84,https://pubg-mobile-lite-tencent-games.en.aptoide.com/app,0,error:AttributeError,1.36,1,300,0,0,
scrapy,2025-08-26T12-46-12Z,2025-08-26T13:34:53.840072+00:00,2025-08-26T13:34:55.635158+00:00,mobile-legends.en.aptoide.com,85,https://mobile-legends.en.aptoide.com/app,0,error:AttributeError,1.8,1,300,0,0,
scrapy,2025-08-26T12-46-12Z,2025-08-26T13:35:23.990212+00:00,2025-08-26T13:35:26.704615+00:00,pubg-new-state.en.aptoide.com,86,https://pubg-new-state.en.aptoide.com/app,0,error:AttributeError,2.72,1,300,0,0,
scrapy,2025-08-26T12-46-12Z,2025-08-26T13:35:50.446204+00:00,2025-08-26T13:35:51.810049+00:00,battlegrounds-india.en.aptoide.com,87,https://battlegrounds-india.en.aptoide.com/app,0,error:AttributeError,1.36,1,300,0,0,
scrapy,2025-08-26T12-46-12Z,2025-08-26T13:36:14.553401+00:00,2025-08-26T13:36:15.904608+00:00,free-fire-max.en.aptoide.com,88,https://free-fire-max.en.aptoide.com/app,0,error:AttributeError,1.34,1,300,0,0,
scrapy,2025-08-26T12-46-12Z,2025-08-26T13:36:36.586484+00:00,2025-08-26T13:36:38.476453+00:00,creative-destruction.en.aptoide.com,89,https://creative-destruction.en.aptoide.com/app,0,error:AttributeError,1.89,1,300,0,0,
scrapy,2025-08-26T12-46-12Z,2025-08-26T13:37:03.250158+00:00,2025-08-26T13:37:04.712575+00:00,last-day-alive.en.aptoide.com,90,https://last-day-alive.en.aptoide.com/app,0,error:AttributeError,1.47,1,300,0,0,
scrapy,2025-08-26T12-46-12Z,2025-08-26T13:37:29.746373+00:00,2025-08-26T13:37:31.196939+00:00,last-day-on-earth.en.aptoide.com,91,https://last-day-on-earth.en.aptoide.com/app,0,error:AttributeError,1.45,1,300,0,0,
scrapy,2025-08-26T12-46-12Z,2025-08-26T13:37:51.385673+00:00,2025-08-26T13:37:54.705952+00:00,download.cnet.com,92,https://download.cnet.com/ip-phone-camera-view-camera-on-pc/3000-2150_4-77541989.html,0,error:AttributeError,3.33,1,300,0,0,
scrapy,2025-08-26T12-46-12Z,2025-08-26T13:38:16.865295+00:00,2025-08-26T13:38:19.609655+00:00,download.cnet.com,93,https://download.cnet.com/reallikes-get-real-tiktok-likes-followers/3000-android-reallikes-get-real-tiktok-likes-followers.html,0,error:AttributeError,2.75,1,300,0,0,
scrapy,2025-08-26T12-46-12Z,2025-08-26T13:38:42.450282+00:00,2025-08-26T13:38:45.176146+00:00,download.cnet.com,94,https://download.cnet.com/profile-pictures-dp-and-status-for-whatsapp/3000-android-profile-pictures-dp-and-status-for-whatsapp.html,0,error:AttributeError,2.73,1,300,0,0,
scrapy,2025-08-26T12-46-12Z,2025-08-26T13:39:05.524775+00:00,2025-08-26T13:39:08.235838+00:00,download.cnet.com,95,https://download.cnet.com/indycall/3000-android-indycall-free-calls-to-india.html,0,error:AttributeError,2.72,1,300,0,0,
scrapy,2025-08-26T12-46-12Z,2025-08-26T13:39:30.439442+00:00,2025-08-26T13:39:33.132632+00:00,download.cnet.com,96,https://download.cnet.com/vcs-acak-bar-bar/3000-android-vcs-acak-bar-bar.html,0,error:AttributeError,2.69,1,300,0,0,
scrapy,2025-08-26T12-46-12Z,2025-08-26T13:40:02.359372+00:00,2025-08-26T13:40:09.303926+00:00,download.cnet.com,97,https://download.cnet.com/friend-search-for-whatsapp/3000-android-friend-search-for-whatsapp.html,0,error:AttributeError,6.95,1,300,0,0,
scrapy,2025-08-26T12-46-12Z,2025-08-26T13:40:36.692136+00:00,2025-08-26T13:40:39.661873+00:00,download.cnet.com,98,https://download.cnet.com/incognito-away-disable-incognito-tabs/3000-android-incognito-away-disable-incognito-tabs.html,0,error:AttributeError,2.97,1,300,0,0,
scrapy,2025-08-26T12-46-12Z,2025-08-26T13:41:05.078791+00:00,2025-08-26T13:41:07.710917+00:00,download.cnet.com,99,https://download.cnet.com/xiaomi-contacts-and-dialer/3000-android-xiaomi-contacts-and-dialer.html,0,error:AttributeError,2.62,1,300,0,0,
scrapy,2025-08-26T12-46-12Z,2025-08-26T13:41:34.393224+00:00,2025-08-26T13:41:38.974300+00:00,download.cnet.com,100,https://download.cnet.com/sim-cnic-number-details/3000-android-sim-cnic-number-details.html,0,error:AttributeError,4.58,1,300,0,0,
scrapy,2025-08-26T12-46-12Z,2025-08-26T13:41:59.856735+00:00,2025-08-26T13:42:02.629932+00:00,download.cnet.com,101,https://download.cnet.com/kiss-stickers-for-whatsapp/3000-android-kiss-stickers-for-whatsapp.html,0,error:AttributeError,2.78,1,300,0,0,
scrapy,2025-08-26T12-46-12Z,2025-08-26T13:42:23.346564+00:00,2025-08-26T13:43:42.749757+00:00,www.bandsintown.com,102,https://www.bandsintown.com/e/106613573-band-of-horses-at-bearsville-theater?came_from=257&utm_medium=web&utm_source=city_page&utm_campaign=top_event_featured,0,error:AttributeError,79.39,1,300,0,0,
scrapy,2025-08-26T12-46-12Z,2025-08-26T13:44:03.148252+00:00,2025-08-26T13:44:36.276672+00:00,www.bandsintown.com,103,https://www.bandsintown.com/e/106220283-coheed-and-cambria-at-broadview-stage-at-spac?came_from=257&utm_medium=web&utm_source=city_page&utm_campaign=top_event,0,error:AttributeError,33.12,1,300,0,0,
scrapy,2025-08-26T12-46-12Z,2025-08-26T13:44:58.367926+00:00,2025-08-26T13:45:54.911244+00:00,www.bandsintown.com,104,https://www.bandsintown.com/e/106195656-avril-lavigne-at-broadview-stage-at-spac?came_from=257&utm_medium=web&utm_source=city_page&utm_campaign=top_event,0,error:AttributeError,56.55,1,300,0,0,
scrapy,2025-08-26T12-46-12Z,2025-08-26T13:46:23.556731+00:00,2025-08-26T13:46:37.997418+00:00,www.bandsintown.com,105,https://www.bandsintown.com/e/106497345-vampire-weekend-at-broadview-stage-at-spac?came_from=257&utm_medium=web&utm_source=city_page&utm_campaign=top_event,0,error:AttributeError,14.44,1,300,0,0,
scrapy,2025-08-26T12-46-12Z,2025-08-26T13:46:58.582351+00:00,2025-08-26T13:47:22.155224+00:00,www.bandsintown.com,106,https://www.bandsintown.com/e/106609720-glass-animals-at-broadview-stage-at-spac?came_from=257&utm_medium=web&utm_source=city_page&utm_campaign=top_event,0,error:AttributeError,23.56,1,300,0,0,
scrapy,2025-08-26T12-46-12Z,2025-08-26T13:47:45.130867+00:00,2025-08-26T13:48:00.824432+00:00,www.bandsintown.com,107,https://www.bandsintown.com/e/105951875-thomas-rhett-at-broadview-stage-at-spac?came_from=257&utm_medium=web&utm_source=city_page&utm_campaign=top_event,0,error:AttributeError,15.69,1,300,0,0,
scrapy,2025-08-26T12-46-12Z,2025-08-26T13:48:28.428621+00:00,2025-08-26T13:48:51.660816+00:00,www.bandsintown.com,108,https://www.bandsintown.com/e/1033980806-chris-stapleton-at-mvp-arena?came_from=257&utm_medium=web&utm_source=city_page&utm_campaign=top_event,0,error:AttributeError,23.23,1,300,0,0,
scrapy,2025-08-26T12-46-12Z,2025-08-26T13:49:19.808887+00:00,2025-08-26T13:49:31.390596+00:00,www.bandsintown.com,109,https://www.bandsintown.com/e/106647566-jon-batiste-at-tanglewood-music-center?came_from=257&utm_medium=web&utm_source=city_page&utm_campaign=top_event,0,error:AttributeError,11.58,1,300,0,0,
scrapy,2025-08-26T12-46-12Z,2025-08-26T13:49:55.192978+00:00,2025-08-26T13:50:03.392440+00:00,www.bandsintown.com,110,https://www.bandsintown.com/e/1034335391-the-lumineers-at-broadview-stage-at-spac?came_from=257&utm_medium=web&utm_source=city_page&utm_campaign=top_event,0,error:AttributeError,8.2,1,300,0,0,
scrapy,2025-08-26T12-46-12Z,2025-08-26T13:50:29.171704+00:00,2025-08-26T13:50:43.040963+00:00,www.bandsintown.com,111,https://www.bandsintown.com/e/106378797-barenaked-ladies-at-tanglewood-music-center?came_from=257&utm_medium=web&utm_source=city_page&utm_campaign=top_event,0,error:AttributeError,13.88,1,300,0,0,
scrapy,2025-08-26T12-46-12Z,2025-08-26T13:51:03.812044+00:00,2025-08-26T13:51:12.000185+00:00,ra.co,112,https://ra.co/events/2126052,0,error:AttributeError,8.19,1,300,0,0,
scrapy,2025-08-26T12-46-12Z,2025-08-26T13:51:34.913274+00:00,2025-08-26T13:51:36.153852+00:00,ra.co,113,https://ra.co/events/2134473,0,error:AttributeError,1.23,1,300,0,0,
scrapy,2025-08-26T12-46-12Z,2025-08-26T13:51:57.467826+00:00,2025-08-26T13:51:58.382252+00:00,ra.co,114,https://ra.co/events/2169754,0,error:AttributeError,0.92,1,300,0,0,
scrapy,2025-08-26T12-46-12Z,2025-08-26T13:52:20.073324+00:00,2025-08-26T13:52:20.966483+00:00,ra.co,115,https://ra.co/events/2123227,0,error:AttributeError,0.89,1,300,0,0,
scrapy,2025-08-26T12-46-12Z,2025-08-26T13:52:42.890968+00:00,2025-08-26T13:52:43.828896+00:00,ra.co,116,https://ra.co/events/2147496,0,error:AttributeError,0.94,1,300,0,0,
scrapy,2025-08-26T12-46-12Z,2025-08-26T13:53:13.554599+00:00,2025-08-26T13:53:14.525786+00:00,ra.co,117,https://ra.co/events/2109333,0,error:AttributeError,0.97,1,300,0,0,
scrapy,2025-08-26T12-46-12Z,2025-08-26T13:53:42.045408+00:00,2025-08-26T13:53:42.926414+00:00,ra.co,118,https://ra.co/events/2140347,0,error:AttributeError,0.89,1,300,0,0,
scrapy,2025-08-26T12-46-12Z,2025-08-26T13:54:10.659273+00:00,2025-08-26T13:54:11.574294+00:00,ra.co,119,https://ra.co/events/2160356,0,error:AttributeError,0.91,1,300,0,0,
scrapy,2025-08-26T12-46-12Z,2025-08-26T13:54:40.091182+00:00,2025-08-26T13:54:41.023762+00:00,ra.co,120,https://ra.co/events/2043904,0,error:AttributeError,0.94,1,300,0,0,
scrapy,2025-08-26T12-46-12Z,2025-08-26T13:55:05.182801+00:00,2025-08-26T13:55:06.152309+00:00,ra.co,121,https://ra.co/events/2123051,0,error:AttributeError,0.97,1,300,0,0,
scrapy,2025-08-26T12-46-12Z,2025-08-26T13:55:31.041336+00:00,2025-08-26T13:55:38.153375+00:00,www.songkick.com,122,https://www.songkick.com/concerts/42429147-fisher-at-san-jose-city-hall,0,ok,7.11,0,300,0,0,
scrapy,2025-08-26T12-46-12Z,2025-08-26T13:55:58.908052+00:00,2025-08-26T13:56:04.176093+00:00,www.songkick.com,123,https://www.songkick.com/concerts/42544883-matisyahu-at-guild-theatre,0,ok,5.27,0,300,0,0,
scrapy,2025-08-26T12-46-12Z,2025-08-26T13:56:30.633118+00:00,2025-08-26T13:56:43.136673+00:00,www.songkick.com,124,https://www.songkick.com/concerts/42423279-los-lobos-at-rancho-nicasio,0,ok,12.5,0,300,0,0,
scrapy,2025-08-26T12-46-12Z,2025-08-26T13:57:05.728146+00:00,2025-08-26T13:57:16.297673+00:00,www.songkick.com,125,https://www.songkick.com/concerts/42454434-war-and-treaty-at-chapel,0,ok,10.58,0,300,0,0,
scrapy,2025-08-26T12-46-12Z,2025-08-26T13:57:42.725974+00:00,2025-08-26T13:57:47.941995+00:00,www.songkick.com,126,https://www.songkick.com/concerts/42521431-sam-grisman-project-at-hopmonk-tavern-novato,0,ok,5.22,0,300,0,0,
scrapy,2025-08-26T12-46-12Z,2025-08-26T13:58:11.789579+00:00,2025-08-26T13:58:26.160616+00:00,www.songkick.com,127,https://www.songkick.com/concerts/42538085-hooveriii-at-kilowatt-bar,0,ok,14.38,0,300,0,0,
scrapy,2025-08-26T12-46-12Z,2025-08-26T13:58:49.232875+00:00,2025-08-26T13:58:55.508383+00:00,www.songkick.com,128,https://www.songkick.com/concerts/42500068-silk-e-at-yoshis,0,ok,6.28,0,300,0,0,
scrapy,2025-08-26T12-46-12Z,2025-08-26T13:59:24.076194+00:00,2025-08-26T13:59:30.830839+00:00,www.songkick.com,129,https://www.songkick.com/concerts/42425780-sk-shlomo-at-pound,0,ok,6.77,0,300,0,0,
scrapy,2025-08-26T12-46-12Z,2025-08-26T13:59:55.065455+00:00,2025-08-26T13:59:59.985460+00:00,www.songkick.com,130,https://www.songkick.com/concerts/42544882-levi-at-midway,0,ok,4.92,0,300,0,0,
scrapy,2025-08-26T12-46-12Z,2025-08-26T14:00:23.507614+00:00,2025-08-26T14:00:29.285190+00:00,www.songkick.com,131,https://www.songkick.com/concerts/42583569-ugly-oakland-at-el-rio,0,ok,5.78,0,300,0,0,
scrapy,2025-08-26T12-46-12Z,2025-08-26T14:00:57.346246+00:00,2025-08-26T14:01:00.455757+00:00,www.stubhub.com,132,https://www.stubhub.com/the-garden-of-eden-west-hollywood-tickets-5-28-2025/event/157881593/,0,error:AttributeError,3.11,1,300,0,0,
scrapy,2025-08-26T12-46-12Z,2025-08-26T14:01:22.879433+00:00,2025-08-26T14:01:25.943943+00:00,www.stubhub.com,133,https://www.stubhub.com/iggy-pop-london-tickets-5-28-2025/event/156074174/,0,error:AttributeError,3.06,1,300,0,0,
scrapy,2025-08-26T12-46-12Z,2025-08-26T14:01:54.274703+00:00,2025-08-26T14:01:56.351427+00:00,www.stubhub.com,134,https://www.stubhub.com/peach-pit-milwaukee-tickets-5-28-2025/event/156250964/,0,error:AttributeError,2.08,1,300,0,0,
scrapy,2025-08-26T12-46-12Z,2025-08-26T14:02:24.823578+00:00,2025-08-26T14:02:26.710961+00:00,www.stubhub.com,135,https://www.stubhub.com/styx-greenville-tickets-5-28-2025/event/156423954/,0,error:AttributeError,1.89,1,300,0,0,
scrapy,2025-08-26T12-46-12Z,2025-08-26T14:02:51.246867+00:00,2025-08-26T14:02:53.669388+00:00,www.stubhub.com,136,https://www.stubhub.com/ryan-bingham-new-orleans-tickets-5-28-2025/event/157477050/,0,error:AttributeError,2.42,1,300,0,0,
scrapy,2025-08-26T12-46-12Z,2025-08-26T14:03:14.305794+00:00,2025-08-26T14:03:16.012766+00:00,www.stubhub.com,137,https://www.stubhub.com/weathers-cleveland-tickets-5-28-2025/event/157631096/,0,error:AttributeError,1.7,1,300,0,0,
scrapy,2025-08-26T12-46-12Z,2025-08-26T14:03:41.743517+00:00,2025-08-26T14:03:45.334083+00:00,www.stubhub.com,138,https://www.stubhub.com/ryan-adams-hutchinson-tickets-5-28-2025/event/156279531/,0,error:AttributeError,3.59,1,300,0,0,
scrapy,2025-08-26T12-46-12Z,2025-08-26T14:04:10.500076+00:00,2025-08-26T14:04:12.489246+00:00,www.stubhub.com,139,https://www.stubhub.com/the-menzingers-nashville-tickets-5-28-2025/event/156475065/,0,error:AttributeError,2,1,300,0,0,
scrapy,2025-08-26T12-46-12Z,2025-08-26T14:04:40.950744+00:00,2025-08-26T14:04:43.055733+00:00,www.stubhub.com,140,https://www.stubhub.com/lord-huron-morrison-tickets-5-28-2025/event/155984063/,0,error:AttributeError,2.11,1,300,0,0,
scrapy,2025-08-26T12-46-12Z,2025-08-26T14:05:08.348488+00:00,2025-08-26T14:05:10.530013+00:00,www.stubhub.com,141,https://www.stubhub.com/dope-lemon-santa-fe-tickets-5-28-2025/event/157333371/,0,error:AttributeError,2.17,1,300,0,0,
scrapy,2025-08-26T12-46-12Z,2025-08-26T14:05:32.974973+00:00,2025-08-26T14:05:35.790952+00:00,www.ticketmaster.com,142,https://www.ticketmaster.com/jesse-joy-el-despecho-tour-fresno-california-08-21-2025/event/1C0062A5A5661CB2,0,error:AttributeError,2.81,1,300,0,0,
scrapy,2025-08-26T12-46-12Z,2025-08-26T14:05:59.272748+00:00,2025-08-26T14:06:14.015935+00:00,www.ticketmaster.com,143,https://www.ticketmaster.com/jesse-joy-el-despecho-tour-kansas-city-missouri-08-28-2025/event/06006297D1B0614A,0,error:AttributeError,14.75,1,300,0,0,
scrapy,2025-08-26T12-46-12Z,2025-08-26T14:06:43.694483+00:00,2025-08-26T14:06:49.077773+00:00,www.ticketmaster.com,144,https://www.ticketmaster.com/jesse-joy-el-despecho-tour-denver-colorado-08-29-2025/event/1E0062A5D95A2E34,0,error:AttributeError,5.38,1,300,0,0,
scrapy,2025-08-26T12-46-12Z,2025-08-26T14:07:12.651296+00:00,2025-08-26T14:07:17.801899+00:00,www.ticketmaster.com,145,https://www.ticketmaster.com/jesse-joy-el-despecho-tour-rosemont-illinois-10-03-2025/event/04006285A5D51E69,0,error:AttributeError,5.16,1,300,0,0,
scrapy,2025-08-26T12-46-12Z,2025-08-26T14:07:38.217046+00:00,2025-08-26T14:07:43.876209+00:00,www.ticketmaster.com,146,https://www.ticketmaster.com/jesse-joy-el-despecho-tour-minneapolis-minnesota-10-04-2025/event/060062ACC5614FA5,0,error:AttributeError,5.67,1,300,0,0,
scrapy,2025-08-26T12-46-12Z,2025-08-26T14:08:12.313368+00:00,2025-08-26T14:08:18.800899+00:00,www.ticketmaster.com,147,https://www.ticketmaster.com/jesse-joy-el-despecho-tour-charlotte-north-carolina-10-31-2025/event/2D0062A4A51B3FE1,0,error:AttributeError,6.48,1,300,0,0,
scrapy,2025-08-26T12-46-12Z,2025-08-26T14:08:47.663983+00:00,2025-08-26T14:08:53.555954+00:00,www.ticketmaster.com,148,https://www.ticketmaster.com/jesse-joy-el-despecho-tour-miami-florida-11-01-2025/event/0D006296B942219C,0,error:AttributeError,5.89,1,300,0,0,
scrapy,2025-08-26T12-46-12Z,2025-08-26T14:09:14.123485+00:00,2025-08-26T14:09:19.788667+00:00,www.ticketmaster.com,149,https://www.ticketmaster.com/jesse-joy-el-despecho-tour-seattle-washington-11-09-2025/event/0F0062A94DA54CE9,0,error:AttributeError,5.67,1,300,0,0,
scrapy,2025-08-26T12-46-12Z,2025-08-26T14:09:46.839600+00:00,2025-08-26T14:09:51.764789+00:00,www.ticketmaster.com,150,https://www.ticketmaster.com/jesse-joy-el-despecho-tour-fresno-california-08-21-2025/event/1C0062A5A5661CB2,0,error:AttributeError,4.92,1,300,0,0,
scrapy,2025-08-26T12-46-12Z,2025-08-26T14:10:18.490933+00:00,2025-08-26T14:10:20.261689+00:00,www.ticketmaster.com.mx,151,https://www.ticketmaster.com.mx/concierto-ensamble-50-no-culpes-a-monterrey-07-06-2025/event/1400624AF5DD279D,0,error:AttributeError,1.77,1,300,0,0,
scrapy,2025-08-26T12-46-12Z,2025-08-26T14:10:43.728053+00:00,2025-08-26T14:10:45.931503+00:00,www.cheapoair.com,152,https://www.cheapoair.com/air/listing?&d1=PVGG&r1=PAR&dt1=09/01/2025&dtype1=G&rtype1=C&d2=PAR&r2=PVGG&dt2=10/31/2025&dtype2=C&rtype2=G&tripType=ROUNDTRIP&cl=ECONOMY&ad=1&se=0&ch=0&infs=0&infl=0,0,error:AttributeError,2.2,1,300,0,0,
scrapy,2025-08-26T12-46-12Z,2025-08-26T14:11:07.505711+00:00,2025-08-26T14:11:08.694357+00:00,www.cheapoair.com,153,https://www.cheapoair.com/air/listing?&d1=KUL&r1=PAR&dt1=09/01/2025&dtype1=A&rtype1=C&d2=PAR&r2=KUL&dt2=10/31/2025&dtype2=C&rtype2=A&tripType=ROUNDTRIP&cl=ECONOMY&ad=1&se=0&ch=0&infs=0&infl=0,0,error:AttributeError,1.19,1,300,0,0,
scrapy,2025-08-26T12-46-12Z,2025-08-26T14:11:37.901505+00:00,2025-08-26T14:11:38.976538+00:00,www.cheapoair.com,154,https://www.cheapoair.com/air/listing?&d1=KUL&r1=LAX&dt1=09/01/2025&dtype1=A&rtype1=A&d2=LAX&r2=KUL&dt2=10/31/2025&dtype2=A&rtype2=A&tripType=ROUNDTRIP&cl=ECONOMY&ad=1&se=0&ch=0&infs=0&infl=0,0,error:AttributeError,1.08,1,300,0,0,
scrapy,2025-08-26T12-46-12Z,2025-08-26T14:11:59.587726+00:00,2025-08-26T14:12:00.867265+00:00,www.cheapoair.com,155,https://www.cheapoair.com/air/listing?&d1=SIN&r1=NYC&dt1=09/01/2025&dtype1=A&rtype1=C&d2=NYC&r2=SIN&dt2=10/31/2025&dtype2=C&rtype2=A&tripType=ROUNDTRIP&cl=ECONOMY&ad=1&se=0&ch=0&infs=0&infl=0,0,error:AttributeError,1.28,1,300,0,0,
scrapy,2025-08-26T12-46-12Z,2025-08-26T14:12:22.106254+00:00,2025-08-26T14:12:23.276246+00:00,www.cheapoair.com,156,https://www.cheapoair.com/air/listing?&d1=SIN&r1=SFOG&dt1=09/01/2025&dtype1=A&rtype1=G&d2=SFOG&r2=SIN&dt2=10/31/2025&dtype2=G&rtype2=A&tripType=ROUNDTRIP&cl=ECONOMY&ad=1&se=0&ch=0&infs=0&infl=0,0,error:AttributeError,1.17,1,300,0,0,
scrapy,2025-08-26T12-46-12Z,2025-08-26T14:12:43.947935+00:00,2025-08-26T14:12:45.308227+00:00,www.cheapoair.com,157,https://www.cheapoair.com/air/listing?&d1=HKG&r1=SFOG&dt1=09/01/2025&dtype1=A&rtype1=G&d2=SFOG&r2=HKG&dt2=10/31/2025&dtype2=G&rtype2=A&tripType=ROUNDTRIP&cl=ECONOMY&ad=1&se=0&ch=0&infs=0&infl=0,0,error:AttributeError,1.36,1,300,0,0,
scrapy,2025-08-26T12-46-12Z,2025-08-26T14:13:05.312363+00:00,2025-08-26T14:13:06.423382+00:00,www.cheapoair.com,158,https://www.cheapoair.com/air/listing?&d1=HKG&r1=TYO&dt1=09/01/2025&dtype1=A&rtype1=C&d2=TYO&r2=HKG&dt2=10/31/2025&dtype2=C&rtype2=A&tripType=ROUNDTRIP&cl=ECONOMY&ad=1&se=0&ch=0&infs=0&infl=0,0,error:AttributeError,1.12,1,300,0,0,
scrapy,2025-08-26T12-46-12Z,2025-08-26T14:13:29.685037+00:00,2025-08-26T14:13:30.836912+00:00,www.cheapoair.com,159,https://www.cheapoair.com/air/listing?&d1=TYO&r1=LON&dt1=09/01/2025&dtype1=C&rtype1=C&d2=LON&r2=TYO&dt2=10/31/2025&dtype2=C&rtype2=C&tripType=ROUNDTRIP&cl=ECONOMY&ad=1&se=0&ch=0&infs=0&infl=0,0,error:AttributeError,1.16,1,300,0,0,
scrapy,2025-08-26T12-46-12Z,2025-08-26T14:13:52.982863+00:00,2025-08-26T14:13:54.469642+00:00,www.cheapoair.com,160,https://www.cheapoair.com/air/listing?&d1=DXB&r1=LON&dt1=09/01/2025&dtype1=A&rtype1=C&d2=LON&r2=DXB&dt2=10/31/2025&dtype2=C&rtype2=A&tripType=ROUNDTRIP&cl=ECONOMY&ad=1&se=0&ch=0&infs=0&infl=0,0,error:AttributeError,1.5,1,300,0,0,
scrapy,2025-08-26T12-46-12Z,2025-08-26T14:14:23.718381+00:00,2025-08-26T14:14:25.052599+00:00,www.cheapoair.com,161,https://www.cheapoair.com/air/listing?&d1=DXB&r1=NYC&dt1=09/01/2025&dtype1=A&rtype1=C&d2=NYC&r2=DXB&dt2=10/31/2025&dtype2=C&rtype2=A&tripType=ROUNDTRIP&cl=ECONOMY&ad=1&se=0&ch=0&infs=0&infl=0,0,error:AttributeError,1.34,1,300,0,0,
scrapy,2025-08-26T12-46-12Z,2025-08-26T14:14:50.757658+00:00,2025-08-26T14:14:52.042435+00:00,www.farecompare.com,162,https://www.farecompare.com/flights/Chicago-CHI/Dallas-Fort_Worth-DFW/market.html,0,error:AttributeError,1.28,1,300,0,0,
scrapy,2025-08-26T12-46-12Z,2025-08-26T14:15:15.529899+00:00,2025-08-26T14:15:15.877904+00:00,www.farecompare.com,163,https://www.farecompare.com/flights/Chicago-CHI/New_York-NYC/market.html,0,error:AttributeError,0.36,1,300,0,0,
scrapy,2025-08-26T12-46-12Z,2025-08-26T14:15:41.957260+00:00,2025-08-26T14:15:42.298307+00:00,www.farecompare.com,164,https://www.farecompare.com/flights/Chicago-CHI/Las_Vegas-LAS/market.html,0,error:AttributeError,0.34,1,300,0,0,
scrapy,2025-08-26T12-46-12Z,2025-08-26T14:16:03.428836+00:00,2025-08-26T14:16:03.678672+00:00,www.farecompare.com,165,https://www.farecompare.com/flights/Chicago-CHI/Los_Angeles-LAX/market.html,0,error:AttributeError,0.25,1,300,0,0,
scrapy,2025-08-26T12-46-12Z,2025-08-26T14:16:27.271308+00:00,2025-08-26T14:16:27.708315+00:00,www.farecompare.com,166,https://www.farecompare.com/flights/Chicago-CHI/Orlando-ORL/market.html,0,error:AttributeError,0.44,1,300,0,0,
scrapy,2025-08-26T12-46-12Z,2025-08-26T14:16:53.169943+00:00,2025-08-26T14:16:53.423948+00:00,www.farecompare.com,167,https://www.farecompare.com/flights/Chicago-CHI/Austin-AUS/market.html,0,error:AttributeError,0.27,1,300,0,0,
scrapy,2025-08-26T12-46-12Z,2025-08-26T14:17:23.000929+00:00,2025-08-26T14:17:23.405911+00:00,www.farecompare.com,168,https://www.farecompare.com/flights/Chicago-CHI/Atlanta-ATL/market.html,0,error:AttributeError,0.39,1,300,0,0,
scrapy,2025-08-26T12-46-12Z,2025-08-26T14:17:47.156602+00:00,2025-08-26T14:17:47.421641+00:00,www.farecompare.com,169,https://www.farecompare.com/flights/Chicago-CHI/San_Antonio-SAT/market.html,0,error:AttributeError,0.25,1,300,0,0,
scrapy,2025-08-26T12-46-12Z,2025-08-26T14:18:12.933177+00:00,2025-08-26T14:18:13.171689+00:00,www.farecompare.com,170,https://www.farecompare.com/flights/Chicago-CHI/Denver-DEN/market.html,0,error:AttributeError,0.23,1,300,0,0,
scrapy,2025-08-26T12-46-12Z,2025-08-26T14:18:42.241372+00:00,2025-08-26T14:18:42.669412+00:00,www.farecompare.com,171,https://www.farecompare.com/flights/Chicago-CHI/New_Orleans-MSY/market.html,0,error:AttributeError,0.42,1,300,0,0,
scrapy,2025-08-26T12-46-12Z,2025-08-26T14:19:09.526439+00:00,2025-08-26T14:19:13.392723+00:00,www.vn.kayak.com,172,https://www.vn.kayak.com/flights/HKG-MAD/2025-09-09/2025-09-30?ucs=49awwa&sort=bestflight_a,0,error:AttributeError,3.88,1,300,0,0,
scrapy,2025-08-26T12-46-12Z,2025-08-26T14:19:39.450480+00:00,2025-08-26T14:19:42.922179+00:00,www.vn.kayak.com,173,https://www.vn.kayak.com/flights/HKG-SEL/2025-09-09/2025-09-30?fs=fdDir=false&ucs=49awwa&sort=bestflight_a,0,error:AttributeError,3.48,1,300,0,0,
scrapy,2025-08-26T12-46-12Z,2025-08-26T14:20:11.553558+00:00,2025-08-26T14:20:15.869253+00:00,www.vn.kayak.com,174,https://www.vn.kayak.com/flights/SIN-SHA/2025-09-09/2025-09-30?fs=fdDir=false&ucs=49awwa&sort=bestflight_a,0,error:AttributeError,4.31,1,300,0,0,
scrapy,2025-08-26T12-46-12Z,2025-08-26T14:20:37.611917+00:00,2025-08-26T14:20:40.171810+00:00,www.vn.kayak.com,175,https://www.vn.kayak.com/flights/BKK-SHA/2025-09-09/2025-09-30?fs=fdDir=false&ucs=49awwa&sort=bestflight_a,0,error:AttributeError,2.55,1,300,0,0,
scrapy,2025-08-26T12-46-12Z,2025-08-26T14:21:08.331608+00:00,2025-08-26T14:21:11.645695+00:00,www.vn.kayak.com,176,https://www.vn.kayak.com/flights/BKK-PAR/2025-09-09/2025-09-30?fs=fdDir=false&ucs=49awwa&sort=bestflight_a,0,error:AttributeError,3.31,1,300,0,0,
scrapy,2025-08-26T12-46-12Z,2025-08-26T14:21:40.394208+00:00,2025-08-26T14:21:42.962551+00:00,www.vn.kayak.com,177,https://www.vn.kayak.com/flights/HAN-PAR/2025-09-09/2025-09-30?fs=fdDir=false&ucs=49awwa&sort=bestflight_a,0,error:AttributeError,2.56,1,300,0,0,
scrapy,2025-08-26T12-46-12Z,2025-08-26T14:22:05.485590+00:00,2025-08-26T14:22:07.300638+00:00,www.vn.kayak.com,178,"https://www.vn.kayak.com/flights/HAN-PAR,TYO/2025-09-09/2025-09-30?fs=fdDir=false&ucs=49awwa&sort=bestflight_a",0,error:AttributeError,1.81,1,300,0,0,
scrapy,2025-08-26T12-46-12Z,2025-08-26T14:22:28.786286+00:00,2025-08-26T14:22:30.714835+00:00,www.vn.kayak.com,179,"https://www.vn.kayak.com/flights/FRA-PAR,TYO/2025-09-09/2025-09-30?fs=fdDir=false&ucs=49awwa&sort=bestflight_a",0,error:AttributeError,1.92,1,300,0,0,
scrapy,2025-08-26T12-46-12Z,2025-08-26T14:22:56.270690+00:00,2025-08-26T14:22:59.305368+00:00,www.vn.kayak.com,180,https://www.vn.kayak.com/flights/FRA-NYC/2025-09-09/2025-09-30?fs=fdDir=false&ucs=49awwa&sort=bestflight_a,0,error:AttributeError,3.03,1,300,0,0,
scrapy,2025-08-26T12-46-12Z,2025-08-26T14:23:24.976309+00:00,2025-08-26T14:23:26.740354+00:00,www.vn.kayak.com,181,"https://www.vn.kayak.com/flights/FRA,NYC-DXB/2025-09-09/2025-09-30?fs=fdDir=false&ucs=49awwa&sort=bestflight_a",0,error:AttributeError,1.77,1,300,0,0,
scrapy,2025-08-26T12-46-12Z,2025-08-26T14:23:47.507226+00:00,2025-08-26T14:24:10.452102+00:00,www.gotogate.com,182,https://www.gotogate.com/rf/result?selectionKey=CX636-27Aug25-M_CX739-02Sep25-Q%2C13x3818,0,error:AttributeError,22.94,1,300,0,0,
scrapy,2025-08-26T12-46-12Z,2025-08-26T14:24:33.180455+00:00,2025-08-26T14:24:34.197318+00:00,www.gotogate.com,183,https://www.gotogate.com/rf/result?selectionKey=ZG54-27Aug25-Q_TR809-02Sep25-T%2C12fo8jv,0,error:AttributeError,1.02,1,300,0,0,
scrapy,2025-08-26T12-46-12Z,2025-08-26T14:24:58.045614+00:00,2025-08-26T14:24:59.080832+00:00,www.gotogate.com,184,https://www.gotogate.com/rf/result?selectionKey=ZG16-27Aug25-R_NK2371-27Aug25-Y_AC8941-02Sep25-K_AC5-02Sep25-K%2C6u8x9o,0,error:AttributeError,1.05,1,300,0,0,
scrapy,2025-08-26T12-46-12Z,2025-08-26T14:25:24.665211+00:00,2025-08-26T14:25:25.527581+00:00,www.gotogate.com,185,https://www.gotogate.com/rf/result?selectionKey=ZG26-27Aug25-R_ZG25-02Sep25-R%2C104agwi,0,error:AttributeError,0.86,1,300,0,0,
scrapy,2025-08-26T12-46-12Z,2025-08-26T14:25:51.174695+00:00,2025-08-26T14:25:52.198932+00:00,www.gotogate.com,186,https://www.gotogate.com/rf/result?selectionKey=BF726-27Aug25-O_N0302-02Sep25-Q%2C12ln5f4,0,error:AttributeError,1.02,1,300,0,0,
scrapy,2025-08-26T12-46-12Z,2025-08-26T14:26:18.195474+00:00,2025-08-26T14:26:19.077089+00:00,www.gotogate.com,187,https://www.gotogate.com/rf/result?selectionKey=U28402-27Aug25-Y_U22437-02Sep25-Y%2C174p8s6,0,error:AttributeError,0.88,1,300,0,0,
scrapy,2025-08-26T12-46-12Z,2025-08-26T14:26:45.165316+00:00,2025-08-26T14:26:46.508437+00:00,www.gotogate.com,188,https://www.gotogate.com/rf/result?selectionKey=AS474-27Aug25-X_AS1005-27Aug25-X_AS3490-02Sep25-X_AS737-02Sep25-X%2Cjn4tgz,0,error:AttributeError,1.34,1,300,0,0,
scrapy,2025-08-26T12-46-12Z,2025-08-26T14:27:08.228462+00:00,2025-08-26T14:27:09.440965+00:00,www.gotogate.com,189,https://www.gotogate.com/rf/result?selectionKey=FI451-27Aug25-H_FI623-27Aug25-H_FI618-02Sep25-O_FI472-03Sep25-O%2C8wi007,0,error:AttributeError,1.22,1,300,0,0,
scrapy,2025-08-26T12-46-12Z,2025-08-26T14:27:29.789512+00:00,2025-08-26T14:27:30.761321+00:00,www.gotogate.com,190,https://www.gotogate.com/rf/result?selectionKey=QR756-27Aug25-Q_QR1014-28Aug25-Q_QR1003-02Sep25-Q_QR755-02Sep25-Q%2Cleqf63,0,error:AttributeError,0.97,1,300,0,0,
scrapy,2025-08-26T12-46-12Z,2025-08-26T14:27:51.645222+00:00,2025-08-26T14:27:53.331334+00:00,www.gotogate.com,191,https://www.gotogate.com/rf/result?selectionKey=QR756-27Aug25-Q_QR1018-28Aug25-Q_QR1003-02Sep25-Q_QR755-02Sep25-Q%2Cllwvnz,0,error:AttributeError,1.69,1,300,0,0,
scrapy,2025-08-26T12-46-12Z,2025-08-26T14:28:20.913146+00:00,2025-08-26T14:28:23.026154+00:00,www.tripadvisor.com,192,https://www.tripadvisor.com/Hotel_Review-g187791-d9732958-Reviews-Casa_Mia_in_Trastevere-Rome_Lazio.html?spAttributionToken=MzEwNjEwOTc,0,error:AttributeError,2.11,1,300,0,0,
scrapy,2025-08-26T12-46-12Z,2025-08-26T14:28:47.483812+00:00,2025-08-26T14:28:49.000800+00:00,www.tripadvisor.com,193,https://www.tripadvisor.com/Hotel_Review-g187791-d205831-Reviews-Hotel_Cortina-Rome_Lazio.html,0,error:AttributeError,1.53,1,300,0,0,
scrapy,2025-08-26T12-46-12Z,2025-08-26T14:29:10.640844+00:00,2025-08-26T14:29:12.120392+00:00,www.tripadvisor.com,194,https://www.tripadvisor.com/Hotel_Review-g187791-d21501108-Reviews-Hotel_Villa_Pamphili_Roma-Rome_Lazio.html,0,error:AttributeError,1.47,1,300,0,0,
scrapy,2025-08-26T12-46-12Z,2025-08-26T14:29:35.073551+00:00,2025-08-26T14:29:36.550142+00:00,www.tripadvisor.com,195,https://www.tripadvisor.com/Hotel_Review-g187791-d236134-Reviews-Hotel_Abruzzi-Rome_Lazio.html,0,error:AttributeError,1.48,1,300,0,0,
scrapy,2025-08-26T12-46-12Z,2025-08-26T14:29:56.699867+00:00,2025-08-26T14:29:58.170720+00:00,www.tripadvisor.com,196,https://www.tripadvisor.com/Hotel_Review-g187791-d231290-Reviews-Dharma_Style_Hotel_Spa-Rome_Lazio.html,0,error:AttributeError,1.47,1,300,0,0,
scrapy,2025-08-26T12-46-12Z,2025-08-26T14:30:21.310290+00:00,2025-08-26T14:30:22.782197+00:00,www.tripadvisor.com,197,https://www.tripadvisor.com/Hotel_Review-g187791-d531936-Reviews-Argentina_Residenza_Style_Hotel-Rome_Lazio.html,0,error:AttributeError,1.48,1,300,0,0,
scrapy,2025-08-26T12-46-12Z,2025-08-26T14:30:49.019839+00:00,2025-08-26T14:30:50.543012+00:00,www.tripadvisor.com,198,https://www.tripadvisor.com/Hotel_Review-g187791-d656857-Reviews-Hotel_Romanico_Palace-Rome_Lazio.html?spAttributionToken=MzEwNjA4Nzk,0,error:AttributeError,1.52,1,300,0,0,
scrapy,2025-08-26T12-46-12Z,2025-08-26T14:31:18.429856+00:00,2025-08-26T14:31:19.883964+00:00,www.tripadvisor.com,199,https://www.tripadvisor.com/Hotel_Review-g187791-d7619756-Reviews-The_Fifteen_Keys_Hotel-Rome_Lazio.html,0,error:AttributeError,1.45,1,300,0,0,
scrapy,2025-08-26T12-46-12Z,2025-08-26T14:31:40.515973+00:00,2025-08-26T14:31:41.967684+00:00,www.tripadvisor.com,200,https://www.tripadvisor.com/Hotel_Review-g187791-d10319203-Reviews-Glam_Hotel-Rome_Lazio.html,0,error:AttributeError,1.44,1,300,0,0,
scrapy,2025-08-26T12-46-12Z,2025-08-26T14:32:03.195730+00:00,2025-08-26T14:32:04.670182+00:00,www.tripadvisor.com,201,https://www.tripadvisor.com/Hotel_Review-g187791-d650621-Reviews-Yes_Hotel_Boutique_Hotel_Rome-Rome_Lazio.html,0,error:AttributeError,1.47,1,300,0,0,
scrapy,2025-08-26T12-46-12Z,2025-08-26T14:32:30.679215+00:00,2025-08-26T14:32:36.153779+00:00,www.agoda.com,202,"https://www.agoda.com/travelodge-by-wyndham-lax-south/hotel/los-angeles-ca-us.html?countryId=181&finalPriceView=1&isShowMobileAppPrice=false&cid=-1&numberOfBedrooms=&familyMode=false&adults=1&children=0&rooms=1&maxRooms=0&checkIn=2025-07-31&isCalendarCallout=false&childAges=&numberOfGuest=0&missingChildAges=false&travellerType=-1&showReviewSubmissionEntry=false&currencyCode=VND&isFreeOccSearch=false&tspTypes=16,8&los=1&searchrequestid=1c054b3c-71c5-4077-af83-4e35c1a5f4d1",0,error:AttributeError,5.47,1,300,0,0,
scrapy,2025-08-26T12-46-12Z,2025-08-26T14:32:57.063982+00:00,2025-08-26T14:33:01.006075+00:00,www.agoda.com,203,"https://www.agoda.com/hilton-los-angeles-airport/hotel/los-angeles-ca-us.html?countryId=181&finalPriceView=1&isShowMobileAppPrice=false&cid=-1&numberOfBedrooms=&familyMode=false&adults=1&children=0&rooms=1&maxRooms=0&checkIn=2025-07-31&isCalendarCallout=false&childAges=&numberOfGuest=0&missingChildAges=false&travellerType=-1&showReviewSubmissionEntry=false&currencyCode=VND&isFreeOccSearch=false&tspTypes=16,8&los=1&searchrequestid=1c054b3c-71c5-4077-af83-4e35c1a5f4d1",0,error:AttributeError,3.94,1,300,0,0,
scrapy,2025-08-26T12-46-12Z,2025-08-26T14:33:28.411352+00:00,2025-08-26T14:33:30.152996+00:00,www.agoda.com,204,https://www.agoda.com/ramada-by-wyndham-hawthorne-lax/hotel/los-angeles-ca-us.html?countryId=181&finalPriceView=1&isShowMobileAppPrice=false&cid=-1&numberOfBedrooms=&familyMode=false&adults=1&children=0&rooms=1&maxRooms=0&checkIn=2025-07-31&isCalendarCallout=false&childAges=&numberOfGuest=0&missingChildAges=false&travellerType=-1&showReviewSubmissionEntry=false&currencyCode=VND&isFreeOccSearch=false&los=1&searchrequestid=1c054b3c-71c5-4077-af83-4e35c1a5f4d1,0,error:AttributeError,1.73,1,300,0,0,
scrapy,2025-08-26T12-46-12Z,2025-08-26T14:33:55.439610+00:00,2025-08-26T14:33:57.249143+00:00,www.agoda.com,205,https://www.agoda.com/hyatt-regency-long-beach_7/hotel/los-angeles-ca-us.html?countryId=181&finalPriceView=1&isShowMobileAppPrice=false&cid=-1&numberOfBedrooms=&familyMode=false&adults=1&children=0&rooms=1&maxRooms=0&checkIn=2025-07-31&isCalendarCallout=false&childAges=&numberOfGuest=0&missingChildAges=false&travellerType=-1&showReviewSubmissionEntry=false&currencyCode=VND&isFreeOccSearch=false&los=1&searchrequestid=1c054b3c-71c5-4077-af83-4e35c1a5f4d1,0,error:AttributeError,1.8,1,300,0,0,
scrapy,2025-08-26T12-46-12Z,2025-08-26T14:34:20.764702+00:00,2025-08-26T14:34:21.258362+00:00,www.agoda.com,206,https://www.agoda.com/hyatt-regency-los-angeles-international-airport/hotel/los-angeles-ca-us.html?countryId=181&finalPriceView=1&isShowMobileAppPrice=false&cid=-1&numberOfBedrooms=&familyMode=false&adults=1&children=0&rooms=1&maxRooms=0&checkIn=2025-07-31&isCalendarCallout=false&childAges=&numberOfGuest=0&missingChildAges=false&travellerType=-1&showReviewSubmissionEntry=false&currencyCode=VND&isFreeOccSearch=false&tspTypes=16&los=1&searchrequestid=1c054b3c-71c5-4077-af83-4e35c1a5f4d1,0,error:AttributeError,0.5,1,300,0,0,
scrapy,2025-08-26T12-46-12Z,2025-08-26T14:34:45.459177+00:00,2025-08-26T14:34:47.185726+00:00,www.agoda.com,207,"https://www.agoda.com/holiday-inn-los-angeles-lax-airport/hotel/los-angeles-ca-us.html?countryId=181&finalPriceView=1&isShowMobileAppPrice=false&cid=-1&numberOfBedrooms=&familyMode=false&adults=1&children=0&rooms=1&maxRooms=0&checkIn=2025-07-31&isCalendarCallout=false&childAges=&numberOfGuest=0&missingChildAges=false&travellerType=-1&showReviewSubmissionEntry=false&currencyCode=VND&isFreeOccSearch=false&tspTypes=16,8&los=1&searchrequestid=1c054b3c-71c5-4077-af83-4e35c1a5f4d1",0,error:AttributeError,1.72,1,300,0,0,
scrapy,2025-08-26T12-46-12Z,2025-08-26T14:35:11.176993+00:00,2025-08-26T14:35:12.121633+00:00,www.agoda.com,208,https://www.agoda.com/green-homestay/hotel/los-angeles-ca-us.html?countryId=181&finalPriceView=1&isShowMobileAppPrice=false&cid=-1&numberOfBedrooms=&familyMode=false&adults=1&children=0&rooms=1&maxRooms=0&checkIn=2025-07-31&isCalendarCallout=false&childAges=&numberOfGuest=0&missingChildAges=false&travellerType=-1&showReviewSubmissionEntry=false&currencyCode=VND&isFreeOccSearch=false&tspTypes=3&los=1&searchrequestid=1c054b3c-71c5-4077-af83-4e35c1a5f4d1,0,error:AttributeError,0.94,1,300,0,0,
scrapy,2025-08-26T12-46-12Z,2025-08-26T14:35:37.616885+00:00,2025-08-26T14:35:39.545101+00:00,www.agoda.com,209,"https://www.agoda.com/kings-inn-anaheim-at-the-park-convention-center/hotel/los-angeles-ca-us.html?countryId=181&finalPriceView=1&isShowMobileAppPrice=false&cid=-1&numberOfBedrooms=&familyMode=false&adults=1&children=0&rooms=1&maxRooms=0&checkIn=2025-07-31&isCalendarCallout=false&childAges=&numberOfGuest=0&missingChildAges=false&travellerType=-1&showReviewSubmissionEntry=false&currencyCode=VND&isFreeOccSearch=false&tspTypes=1,16,8&los=1&searchrequestid=1c054b3c-71c5-4077-af83-4e35c1a5f4d1",0,error:AttributeError,1.92,1,300,0,0,
scrapy,2025-08-26T12-46-12Z,2025-08-26T14:36:05.328674+00:00,2025-08-26T14:36:07.935733+00:00,www.agoda.com,210,https://www.agoda.com/hyatt-place-lax-century-blvd/hotel/los-angeles-ca-us.html?countryId=181&finalPriceView=1&isShowMobileAppPrice=false&cid=-1&numberOfBedrooms=&familyMode=false&adults=1&children=0&rooms=1&maxRooms=0&checkIn=2025-07-31&isCalendarCallout=false&childAges=&numberOfGuest=0&missingChildAges=false&travellerType=-1&showReviewSubmissionEntry=false&currencyCode=VND&isFreeOccSearch=false&tspTypes=16&los=1&searchrequestid=1c054b3c-71c5-4077-af83-4e35c1a5f4d1,0,error:AttributeError,2.59,1,300,0,0,
scrapy,2025-08-26T12-46-12Z,2025-08-26T14:36:32.811287+00:00,2025-08-26T14:36:33.514492+00:00,www.agoda.com,211,"https://www.agoda.com/freehand-los-angeles_4/hotel/los-angeles-ca-us.html?countryId=181&finalPriceView=1&isShowMobileAppPrice=false&cid=-1&numberOfBedrooms=&familyMode=false&adults=1&children=0&rooms=1&maxRooms=0&checkIn=2025-07-31&isCalendarCallout=false&childAges=&numberOfGuest=0&missingChildAges=false&travellerType=-1&showReviewSubmissionEntry=false&currencyCode=VND&isFreeOccSearch=false&tspTypes=7,4,16&los=1&searchrequestid=1c054b3c-71c5-4077-af83-4e35c1a5f4d1",0,error:AttributeError,0.7,1,300,0,0,
scrapy,2025-08-26T12-46-12Z,2025-08-26T14:36:59.944057+00:00,2025-08-26T14:37:02.618464+00:00,www.kayak.com,212,"https://www.kayak.com/hotels/Crowne-Plaza-Bangkok-Lumpini-Park,Bangkok-p18056-h7278-details/2025-06-15/2025-08-31/2adults?psid=jGFkRx5AIy&pm=nightly-total",0,error:AttributeError,2.67,1,300,0,0,
scrapy,2025-08-26T12-46-12Z,2025-08-26T14:37:27.511047+00:00,2025-08-26T14:37:29.686802+00:00,www.kayak.com,213,"https://www.kayak.com/hotels/Holiday-Inn-Express-Bangkok-Soi-Soonvijai,Bangkok-p18056-h3500140-details/2025-06-15/2025-08-31/2adults?psid=jGFkRx5AIy&pm=nightly-total",0,error:AttributeError,2.17,1,300,0,0,
scrapy,2025-08-26T12-46-12Z,2025-08-26T14:37:52.512603+00:00,2025-08-26T14:37:54.189473+00:00,www.kayak.com,214,"https://www.kayak.com/hotels/Eastin-Grand-Hotel-Sathorn,Bangkok-p18056-h629844-details/2025-06-15/2025-08-31/2adults?psid=jGFkRx5AIy&pm=nightly-total",0,error:AttributeError,1.69,1,300,0,0,
scrapy,2025-08-26T12-46-12Z,2025-08-26T14:38:18.333998+00:00,2025-08-26T14:38:20.056943+00:00,www.kayak.com,215,"https://www.kayak.com/hotels/Holiday-Inn-Express-Bangkok-Sukhumvit-11,Bangkok-p18056-h2226979-details/2025-06-15/2025-08-31/2adults?psid=jGFkRx5AIy&pm=nightly-total",0,error:AttributeError,1.72,1,300,0,0,
scrapy,2025-08-26T12-46-12Z,2025-08-26T14:38:45.712011+00:00,2025-08-26T14:38:47.425544+00:00,www.kayak.com,216,"https://www.kayak.com/hotels/Hotel-Indigo-Bangkok-Wireless-Road,Bangkok-p18056-h2217986-details/2025-06-15/2025-08-31/2adults?psid=jGFkRx5AIy&pm=nightly-total",0,error:AttributeError,1.72,1,300,0,0,
scrapy,2025-08-26T12-46-12Z,2025-08-26T14:39:12.905931+00:00,2025-08-26T14:39:14.626083+00:00,www.kayak.com,217,"https://www.kayak.com/hotels/Holiday-Inn-Express-Bangkok-Siam,Bangkok-p18056-h442866-details/2025-06-15/2025-08-31/2adults?psid=jGFkRx5AIy&pm=nightly-total",0,error:AttributeError,1.73,1,300,0,0,
scrapy,2025-08-26T12-46-12Z,2025-08-26T14:39:35.564778+00:00,2025-08-26T14:39:37.237299+00:00,www.kayak.com,218,"https://www.kayak.com/hotels/Staybridge-Suites-Bangkok-Sukhumvit,An-IHG-Hotel,Bangkok-p18056-h9083743-details/2025-06-15/2025-08-31/2adults?psid=jGFkRx5AIy&pm=nightly-total",0,error:AttributeError,1.67,1,300,0,0,
scrapy,2025-08-26T12-46-12Z,2025-08-26T14:39:58.326969+00:00,2025-08-26T14:40:00.471366+00:00,www.kayak.com,219,"https://www.kayak.com/hotels/U-Sathorn-Bangkok,Bangkok-p18056-h2183435-details/2025-06-15/2025-08-31/2adults?psid=jGFkRx5AIy&pm=nightly-total",0,error:AttributeError,2.16,1,300,0,0,
scrapy,2025-08-26T12-46-12Z,2025-08-26T14:40:24.279478+00:00,2025-08-26T14:40:26.127886+00:00,www.kayak.com,220,"https://www.kayak.com/hotels/Sindhorn-Midtown-Hotel-Bangkok,Vignette-Collection,An-IHG-Hotel,Bangkok-p18056-h5968220-details/2025-06-15/2025-08-31/2adults?psid=jGFkRx5AIy&pm=nightly-total",0,error:AttributeError,1.86,1,300,0,0,
scrapy,2025-08-26T12-46-12Z,2025-08-26T14:40:52.054841+00:00,2025-08-26T14:40:53.793352+00:00,www.kayak.com,221,"https://www.kayak.com/hotels/Holiday-Inn-Bangkok,Bangkok-p18056-h35285-details/2025-06-15/2025-08-31/2adults?psid=jGFkRx5AIy&pm=nightly-total",0,error:AttributeError,1.73,1,300,0,0,
scrapy,2025-08-26T12-46-12Z,2025-08-26T14:41:20.256603+00:00,2025-08-26T14:41:25.464857+00:00,vi.hotels.com,222,https://vi.hotels.com/en/ho120298/sonder-atala-champs-elysees-paris-france/?chkin=2025-06-22&chkout=2025-06-30&x_pwa=1&rfrr=HSR&pwa_ts=1747042196042&referrerUrl=aHR0cHM6Ly92aS5ob3RlbHMuY29tL0hvdGVsLVNlYXJjaA%3D%3D&useRewards=false&rm1=a2&regionId=2734&destination=Paris%2C+France&destType=MARKET&neighborhoodId=553248635212956116&latLong=48.853564%2C2.348095&trackingData=AAAAAQAAAAEAAAAQLvmGAiiNS3zYalg3lSfn_IeqBkYFYDChjYDOSWJDqMKtLfXq4-Q686KW9lChVzk_ItlDdmDW5BW4plK6mnk7mCAhyeHkHWlZ3YpGGtv-9lpuI7i_WDGFYkjgAO8Qvf1rFOj6s1dqCiVRr4QJAVKTbLseKk3zy5D4Dv0V30JCIgm7m0GhkIj0PVhNazFu4eOZbgCON-2Mb2mD8ALbOhIUb8IswxjoIh7j7GCtSDq8SJelNrTkdpDf3TAsK6snLb7Ve2d2l44TW7Ou5hd5Cb_xZ26drlU7mkAdFFVeYxy-PhJ3g3bkbwD8TZkzgWqhlIhWA7PrZAhG3toylP1yC8sCwqlQWdoWj-GekVQrDAKwzAM3Wh9dlPYz6KpDqS_5GCcegUp7q_sTmsjUMRViYDDAe0FzYcue2NHRfC25HLxNBcPsXCWvE3a7wAK-nqSbWrRPt1o-QCN_QpffV9f9MFwHkJs3NaezlhNf1CjJ32vNgfbCdS6WrlWLhA_naAUf9UxMPe0PFbEOyWFmKElwogI3pqVKH61HLsDDnEA6C4q33qak3nSF5hwE8nCZsunxLulq5hM3detRAfJkMIyYQcDxhJj-Mq50QS0ZcBIdMmI1yWQJTmMNCmOa94806vVxGjts_wMNAlapit9kNLpIMwYBbbvkWRjOxspTqYluaUy7XUMoyAiEy_gM5rQXMFO9Tb0IOWIJre_k-DxU5uhLO6Yho1rQ4xtluqpoO0pNRowzhI8sEq-p7HF9hD4zbrMx68D7NJwTKRh1zWCIumhGPgPP-VtUySLe2H1tux3ktOo-mkDGS9p2iH0HPa4XH5e0pjycMNmp2ewtAE2WUi_XpWYmgrZ-sslS6vsS23ZKErZOdVitcLCuA44gfhx6D6qP5rzs23-4kz1H4HF7xOGuH8tsQIWwe5_hVRH4IOHwxpLJd7lmAH6ESU76WndDj-D-AgwbikUSSSsyBTzTLxtZcgTssDW7iqyzYyvJs6v3-opI4_PkvLHdhsL2uCSsNv2lWQkVjWaVFgn5BP8Too_dth9qUmu6Pcb4KXHCYp2_pYcinR5SqnIy5ilH45hpOZ24GhuLH61-KaRZMz1RHE72Fj9Q-tZlXlEdF5XUoUMsMCdyrN-6Lzt3Ig7A9K9XrIyPkkmx0D95PeEaeZmXVWmvGj1BgnmsQEU68nXy6JceN5ePOYUjP3D4iPwP3qfk-0PELWGyqTyLZFHw0HnSo1sN0cH0qkFisfg2eTccji2xu1n9ygpMPTivyqChRDgFfCm4scW6QyQfrTe7BYszDrtkQ8xXLj5lnx1wGQrbst4CkWZihldDKviklsJp9dbqG8w70LbxxgSHsKr4qlaZd1qdLa032w%3D%3D&rank=1&testVersionOverride=Buttercup%2C39483.0.0%2C50028.0.0%2C50813.0.0%2C51642.0.0%2C51690.0.0%2C52131.0.0%2C54709.194717.1%2C59134.0.0%2C50988.158353.0%2C60140.211636.0%2C54072.0.0%2C57292.222105.0&slots=&position=1&beaconIssued=&sort=RECOMMENDED&top_dp=11863933&top_cur=VND&userIntent=&selectedRoomType=315433635&selectedRatePlan=387964432&expediaPropertyId=26733&searchId=e15b7d63-cb4a-4b10-a6cd-f0154b74e396,0,error:AttributeError,5.2,1,300,0,0,
scrapy,2025-08-26T12-46-12Z,2025-08-26T14:41:49.712627+00:00,2025-08-26T14:41:52.767850+00:00,vi.hotels.com,223,https://vi.hotels.com/en/ho115857/normandy-le-chantier-paris-france/?chkin=2025-06-22&chkout=2025-06-30&x_pwa=1&rfrr=HSR&pwa_ts=1747042196046&referrerUrl=aHR0cHM6Ly92aS5ob3RlbHMuY29tL0hvdGVsLVNlYXJjaA%3D%3D&useRewards=false&rm1=a2&regionId=2734&destination=Paris%2C+France&destType=MARKET&neighborhoodId=553248635212958333&latLong=48.853564%2C2.348095&trackingData=AAAAAQAAAAEAAAAQynpvlhc2qTBDuZMrZHDNa6PnlXqZVAJP96Up06rJVV0x3qGvr9j9KRLwTdiY9v3RkCRRY8OQjwCccaab3oKITiQR7AX26VP2UBWVypEop4dlbJHyztQ8l1TugxPkUsXQ0KF63Pr9vVs9cdcRsXV2ikgvtqWjpWsthzugKOzuDyjcmxTXhw5yZPnQdXjC8Nx2ZT-tegyiLKUh-UKvkqUTtZimXJIcpOrqVw4M0IYHSx29vZJselnEv26CL0YKSJm-K6nDd4KHM3lLc9nJazZe1VN5-rij5h5xGFsuOEXKUXWDn6657-S3jFReOlZ3Hj_igVy6dwwUxBg6ofx_oiy19At90KGHbIlcJiTdIxtpjxF0Kc8tDqGMEqoEn5dlT0EkEAlIJuFxPVQeMqBhTezOTkjtOUMyQKliaDPXWdwVluKByoQqo9SY1CIgq3pujzVtcN5d8-GOuopI8qK0kjHSGJeMWSGLxxTdSTTlBzPSBhurqKxaTWfS8b0GKxuQm__yf8PT0-xjepdeDnTs6IspVM4FF8mJGT8S9mu2yOx_ekVj6hFzzjvZBhrTwk5Uxa7d8kR6ZHNkWu9gc0w8MFV2NrwxR8GDeO6wg4lORDXB_xn3C2gDO5X0pj1mnt9PkQQZ7d28eRNVg5LtNkOxPSqDCMmARCH_KtS3ppw0n5I9EcOwBbVBqnwdNSOrxBEUiP9j-cesSTp0CpLfPV0VR5Hj-Kl9OYTTgxf63syuKSzP7XX8C8DD3S-m_I5aUQRR3vIY3pQww3yh7GxExyFIQ0OQOCDxanFQ9nypHIPVk6EtwGTS25STQoTeLKeluU7rJn5ewvwjLovZFDR2mSbAUg6yoNlvDnr5LMTQWsVlvyW9IMtj3zStONY1GxH1qAEGtR7-CvW-rRy54hT9qfHRU8dXYPQ93PNm0d1ALa9UgtB2Rl5HwjGB_NGfB_Vjf0HJIzMTOsSsdYLxzvnFAiecopecElxJ_qnOfbzA3bAHNYHO0NR2bAD_25r8PQ7UkzHPPlZnwPF4VCD0SlhVMo3kY3ccUmDf1Q_P5VD9R6wc5fklMHRnbA4rbgvIIwWXxfT2W-ml90jS9pmN9jthc8WP7BbJJJz0O4JB-OjOzO6s0bzePJgX54O6V9OTb-eq1rgnmdg9609ky5R1Cd7-KzIl_8uxmEjnbm4cLXpVv6X7XwkjAiLdk0CLgY2IzPaLkfFIEzigttBJqGRDivxBluQuf8QVdJPYi-pQzF0AAsPv7b9Pepjcg6plrjVkHTH0cfk_lM2-5yLGNWMi9ESyA6YGGG162cUgUIB883srnMQ0OF8DLcOtilNnh7ewl0OnRAodRGtcTNPW198TO-g3A9vH-aWXvw%3D%3D&rank=2&testVersionOverride=Buttercup%2C39483.0.0%2C50028.0.0%2C50813.0.0%2C51642.0.0%2C51690.0.0%2C52131.0.0%2C54709.194717.1%2C59134.0.0%2C50988.158353.0%2C60140.211636.0%2C54072.0.0%2C57292.222105.0&slots=&position=2&beaconIssued=&sort=RECOMMENDED&top_dp=11901954&top_cur=VND&userIntent=&selectedRoomType=211808038&selectedRatePlan=395641212&expediaPropertyId=23157&searchId=e15b7d63-cb4a-4b10-a6cd-f0154b74e396,0,error:AttributeError,3.06,1,300,0,0,
scrapy,2025-08-26T12-46-12Z,2025-08-26T14:42:17.203291+00:00,2025-08-26T14:42:22.099075+00:00,vi.hotels.com,224,https://vi.hotels.com/en/ho642192/les-patios-du-marais-paris-france/?chkin=2025-06-22&chkout=2025-06-30&x_pwa=1&rfrr=HSR&pwa_ts=1747042196051&referrerUrl=aHR0cHM6Ly92aS5ob3RlbHMuY29tL0hvdGVsLVNlYXJjaA%3D%3D&useRewards=false&rm1=a2&regionId=2734&destination=Paris%2C+France&destType=MARKET&neighborhoodId=553248635212955967&latLong=48.853564%2C2.348095&sort=RECOMMENDED&top_dp=5029752&top_cur=VND&userIntent=&selectedRoomType=201752210&selectedRatePlan=209166130&expediaPropertyId=16520004&searchId=e15b7d63-cb4a-4b10-a6cd-f0154b74e396,0,error:AttributeError,4.91,1,300,0,0,
scrapy,2025-08-26T12-46-12Z,2025-08-26T14:42:45.856684+00:00,2025-08-26T14:42:48.985382+00:00,vi.hotels.com,225,https://vi.hotels.com/en/ho3621122656/makom-saint-honore/?chkin=2025-06-22&chkout=2025-06-30&x_pwa=1&rfrr=HSR&pwa_ts=1747042198114&referrerUrl=aHR0cHM6Ly92aS5ob3RlbHMuY29tL0hvdGVsLVNlYXJjaA%3D%3D&useRewards=false&rm1=a2&regionId=2734&destination=Paris%2C+France&destType=MARKET&neighborhoodId=553248635212953516&latLong=48.853564%2C2.348095&sort=RECOMMENDED&top_dp=6908961&top_cur=VND&userIntent=&selectedRoomType=326141704&selectedRatePlan=400820872&expediaPropertyId=113128833&searchId=e15b7d63-cb4a-4b10-a6cd-f0154b74e396,0,error:AttributeError,3.14,1,300,0,0,
scrapy,2025-08-26T12-46-12Z,2025-08-26T14:43:15.509293+00:00,2025-08-26T14:43:18.428299+00:00,vi.hotels.com,226,https://vi.hotels.com/en/ho3621079648/?chkin=2025-06-22&chkout=2025-06-30&x_pwa=1&rfrr=HSR&pwa_ts=1747042198116&referrerUrl=aHR0cHM6Ly92aS5ob3RlbHMuY29tL0hvdGVsLVNlYXJjaA%3D%3D&useRewards=false&rm1=a2&regionId=2734&destination=Paris%2C+France&destType=MARKET&neighborhoodId=553248635212953169&latLong=48.853564%2C2.348095&sort=RECOMMENDED&top_dp=6385962&top_cur=VND&userIntent=&selectedRoomType=326141529&selectedRatePlan=400445723&expediaPropertyId=113127489&searchId=e15b7d63-cb4a-4b10-a6cd-f0154b74e396,0,error:AttributeError,2.92,1,300,0,0,
scrapy,2025-08-26T12-46-12Z,2025-08-26T14:43:41.790926+00:00,2025-08-26T14:43:44.753807+00:00,vi.hotels.com,227,https://vi.hotels.com/en/ho194081/villa-montparnasse-paris-france/?chkin=2025-06-22&chkout=2025-06-30&x_pwa=1&rfrr=HSR&pwa_ts=1747042198119&referrerUrl=aHR0cHM6Ly92aS5ob3RlbHMuY29tL0hvdGVsLVNlYXJjaA%3D%3D&useRewards=false&rm1=a2&regionId=2734&destination=Paris%2C+France&destType=MARKET&neighborhoodId=178673&latLong=48.853564%2C2.348095&trackingData=AAAAAQAAAAEAAAAQQArHt99wJLWmwFkLWJhF8rEBEubOetoNsuIf1i1bcbHr6tVDtRecCCuULOnvIDzX0Jbx_1cSyAlyMOhAf7vcd6eTkl8phBirganZqLnNXji1KPxdKDnx289xmihP65C0KuB9JmYFZt1ZCT902eOI6wJKS3hCWra9TFxQiglWAklGtWkrIx_94s3SshxbhC4XHBbhaM18p4367YKlrga2PzEn2ty_WKaoknrlsOclswYkDG686b8Rp-czN3PC4EBrW6YPV0ELh3hLgzWwU5bCmGxuFKxEQIdcGw9qEyCuy9442WKg1dFjG-b1ArNZTHwFXJ86ghMaN2VIsTHhQ_bpdmgvJVKSYR8JYhS0NyV6NBpTjV9Qg2kE17_D5FLcJfHKx1s-61URpqYRVSBWgVJ0IJtrv5yGNr04n3cWXvct6c402GNZPChMQ8SCBUF3ipIqlu93xsz0MjNqEwGsWbxBe9_t5ivE3bk45HO_zkkh3OrpvS1AFhKFht13bEbQUO7sQzN85-avFWs5SgFYkRGmi-ksxZOXi1Gs2T4kb6mYEuqbEP_e1VNGliMY27x7XK9QjBPxnbtjFPyt2MDzrzrrIvgqq0r2JCGiVLptCvBJfGyhw2fwrdfmZ4eKlpUAlwxSHoDTiAQmPokhDatCATQeawfqHxiTZb3NronqQMstvx-WJoPLvJBfhw2dF2BPDBc6RCyWSD6JX4jKCU6JJ4gYadm154rtaLfkYIz4a-Izb48ObTYJ4fMeGD6lBUo95fIYulzE9QZ8ZUBLLezyqMn-7-SBtdOfJKN0B3dkFy1MZfKKgi-qYKIa_LZejbrdD5Y8HcQKosNkaP4DlgKl3nuunC8jw2OY4b0E5g-QpFWuoid0WciOiIEEC2iwKzcYK9lNJ7Bw3_Xhz9j5abg_RD_-9cvEyVbGBC_kyYnGB6oBJy7yqLzvYvS4TjB2FCPR4QTJhozXn0pfAgBFT6MRrMTWqKl1V68g6Ic8oB2SRUFH-zY8QLUWLUffmiq6bkeC50pghY4Ub4Ukd0jZontnPsNsEEIDUIVDMT4TT9uh2Rfasq7r9nu1vVto2prhBSugxcpkTcsnFDxTrMXBxD10tLaTJ3YX_1KKw-PC0pn5lH9_SqsbG_Ec7pw8cU5SLHWAI91iDPpJ-3Bt9imyNMWumJksTiRYyWhcRXgIkHlo9U3w8dHcWfNLJRA21L_1fmtBBzwhTvP4GWromZdfTHCb3FVmuSJiHcsvn-LgJOeqtP1OaRwzzXJxJDDoIgy-_5c4D2HodHcQgOfAXMGkkTpE0Nh8l6shyJmLO3bUDQdRPAUb2JDd-Zb8KGQV1V1d4LAJIlMR_d6bMYHytFCMmug4Fz-oHA%3D%3D&rank=3&testVersionOverride=Buttercup%2C39483.0.0%2C50028.0.0%2C50813.0.0%2C51642.0.0%2C51690.0.0%2C52131.0.0%2C54709.194717.1%2C59134.0.0%2C50988.158353.0%2C60140.211636.0%2C54072.0.0%2C57292.222105.0&slots=&position=6&beaconIssued=&sort=RECOMMENDED&top_dp=6980581&top_cur=VND&userIntent=&selectedRoomType=4440&selectedRatePlan=394964443&expediaPropertyId=584868&searchId=e15b7d63-cb4a-4b10-a6cd-f0154b74e396,0,error:AttributeError,2.97,1,300,0,0,
scrapy,2025-08-26T12-46-12Z,2025-08-26T14:44:14.696985+00:00,2025-08-26T14:44:19.458391+00:00,vi.hotels.com,228,https://vi.hotels.com/en/ho135744/pavillon-louvre-rivoli-paris-france/?chkin=2025-06-22&chkout=2025-06-30&x_pwa=1&rfrr=HSR&pwa_ts=1747042198121&referrerUrl=aHR0cHM6Ly92aS5ob3RlbHMuY29tL0hvdGVsLVNlYXJjaA%3D%3D&useRewards=false&rm1=a2&regionId=2734&destination=Paris%2C+France&destType=MARKET&neighborhoodId=553248635212958333&latLong=48.853564%2C2.348095&trackingData=AAAAAQAAAAEAAAAQDgiCqSISe-lFD8QheNhOEmNzIpGZU4xENp6l5flm6sDXxqnrYS9iTDXX6rn3m94oeGgQy_-cAqc1YxyPyQLjMUt8YGYGgA8Os7dd7QygJN10QqzwRGZVYVZoxcU5pSJq9RDp96es0vI37QgG7htNK-y1F8zGHyBzQKoTs4rKUnnmMfpmBOtbQwbh92GXYyOqhW4P5PvCR4UFFwtzi66Xqbms-3DW-66m98-f7nn-mzCs-DrFwwQtufwjYPjh2IRIJ7vAkGTwq35Q1Uj8SNuzXPS-oSexpsy-QQk7VnJy4kp6gA8abqYch2VL68DEpzL8ARZepFwLPp20Cmih1XFzDOvCJDyvbXOHR3_rcsX-fIl7h309PqxREzqhH9xS6btXOmVjI7BpagQhRfOHYK7dECDaNqQZebTK6rKkPddHgNndxU1OyElme47srrVpmayRfp9osE4Eesc2VNbTLx7_-Sk4wvgsDoprhCb8dyOvwCc6IIdGEqwOg1mgrxP60wqGUDkJ5rqaPsmj8GUEh2y5EP8NOpBB2uMFKt3InwUMwl4eAUug7xDbreqkORCzxgRF0kIvxQx-tDjyJgq-y70YXuj8f38XY_1CqqxUVdf6UrGMUM3sleFsDOeuo2u52vV2ON5oUcsy_yc33SxM88OMKwud0GGfVGOhXNL9BtI3W_FMr_NYcXrX46YPRssKLY9DCauqhlvFL_nAZahA8MdUfRUfz9R908_Ziq4U3i0Ggk4NIbhFT48JjMGI_8Qm6TOFyeOCma8NEBoUAMRHXhi7EL1Wd_3GMA6Iz8RqLvnLXs2jXLxjIheOJxOwS_t8ZUOeWJJguzTBpwK8gBwYqIdL4q9JRHKpn25Jlkp--DcB8hS4zPy8exJeRkR7vji3GAE39eOf3--yeSiPjWJWWQuwbtkA_QDlRIPHZ8yrQsmiqXsL8bH6Ez8OduhO3Be_G2YFORqu8qJs779ASEWT88tz_0qzPMtmMudmrbdxc4ncJqy49lbRIFN2oRPG5-HmTekRNR6H62tOxp-dVaBnDLUwuGDI756erEfoj9QtCpYdt5sQigbp_kaW0YZOuxR0ze0cCgN9VMwALWxL0Xo_whFwJ5tGcdMqX0zNkh7fXR55KPPAYW7aZWUImwxUN6I3RJabzHQdB8uNZWruZJkrtMMT1s95_N1z_y2bFBgF3CqmwcoDKh1-TfFCCGJLlLtuznEyHmsS7dBo9mqbtgbY5UzFhxfndCd-fySseTcETxI4Qre0aZIXnrF0bNSf3e-i8_SluLALx1BMakhFw1KnCweNXmBJD4ybORh3oikRVaDubunchhEPjH3rg6SFS2SaRAesnpvFDH_bNnCHvJ35E4-amg%3D%3D&rank=4&testVersionOverride=Buttercup%2C39483.0.0%2C50028.0.0%2C50813.0.0%2C51642.0.0%2C51690.0.0%2C52131.0.0%2C54709.194717.1%2C59134.0.0%2C50988.158353.0%2C60140.211636.0%2C54072.0.0%2C57292.222105.0&slots=&position=7&beaconIssued=&sort=RECOMMENDED&top_dp=10067357&top_cur=VND&userIntent=&selectedRoomType=2254&selectedRatePlan=175694297%3A%3A1&expediaPropertyId=600218&searchId=e15b7d63-cb4a-4b10-a6cd-f0154b74e396,0,error:AttributeError,4.77,1,300,0,0,
scrapy,2025-08-26T12-46-12Z,2025-08-26T14:44:43.922830+00:00,2025-08-26T14:44:47.166100+00:00,vi.hotels.com,229,https://vi.hotels.com/en/ho743046208/odalys-city-paris-montmartre-paris-france/?chkin=2025-06-22&chkout=2025-06-30&x_pwa=1&rfrr=HSR&pwa_ts=1747042198124&referrerUrl=aHR0cHM6Ly92aS5ob3RlbHMuY29tL0hvdGVsLVNlYXJjaA%3D%3D&useRewards=false&rm1=a2&regionId=2734&destination=Paris%2C+France&destType=MARKET&neighborhoodId=178676&latLong=48.853564%2C2.348095&sort=RECOMMENDED&top_dp=5432730&top_cur=VND&userIntent=&selectedRoomType=315813851&selectedRatePlan=394343716&expediaPropertyId=23188944&searchId=e15b7d63-cb4a-4b10-a6cd-f0154b74e396,0,error:AttributeError,3.23,1,300,0,0,
scrapy,2025-08-26T12-46-12Z,2025-08-26T14:45:08.482957+00:00,2025-08-26T14:45:11.579327+00:00,vi.hotels.com,230,https://vi.hotels.com/en/ho3052181536/edgar-suites-montmartre-paul-albert-paris-france/?chkin=2025-06-22&chkout=2025-06-30&x_pwa=1&rfrr=HSR&pwa_ts=1747042198126&referrerUrl=aHR0cHM6Ly92aS5ob3RlbHMuY29tL0hvdGVsLVNlYXJjaA%3D%3D&useRewards=false&rm1=a2&regionId=2734&destination=Paris%2C+France&destType=MARKET&neighborhoodId=178676&latLong=48.853564%2C2.348095&sort=RECOMMENDED&top_dp=6796711&top_cur=VND&userIntent=&selectedRoomType=322505851&selectedRatePlan=394218990&expediaPropertyId=95349423&searchId=e15b7d63-cb4a-4b10-a6cd-f0154b74e396,0,error:AttributeError,3.11,1,300,0,0,
scrapy,2025-08-26T12-46-12Z,2025-08-26T14:45:36.964591+00:00,2025-08-26T14:45:40.256741+00:00,vi.hotels.com,231,https://vi.hotels.com/en/ho3561616832/elegant-studio-2p-rue-saint-honore/?chkin=2025-06-22&chkout=2025-06-30&x_pwa=1&rfrr=HSR&pwa_ts=1747042198128&referrerUrl=aHR0cHM6Ly92aS5ob3RlbHMuY29tL0hvdGVsLVNlYXJjaA%3D%3D&useRewards=false&rm1=a2&regionId=2734&destination=Paris%2C+France&destType=MARKET&neighborhoodId=553248635212953914&latLong=48.853564%2C2.348095&sort=RECOMMENDED&top_dp=16929821&top_cur=VND&userIntent=&selectedRoomType=325795180&selectedRatePlan=399301229&expediaPropertyId=111269276&searchId=e15b7d63-cb4a-4b10-a6cd-f0154b74e396,0,error:AttributeError,3.3,1,300,0,0,
scrapy,2025-08-26T12-46-12Z,2025-08-26T14:46:06.306830+00:00,2025-08-26T14:46:09.859036+00:00,www.booking.com,232,https://www.booking.com/hotel/vn/1945s-apartment-river-view.html?label=gen173nr-10CAEoggI46AdIM1gEaPQBiAEBmAEzuAEXyAEM2AED6AEB-AEBiAIBqAIBuALsnaHFBsACAdICJDU4YTNlMmQ2LTIwNWItNDcxMi05MmU2LWE5NjM4OTUwNTUxMdgCAeACAQ&aid=304142&ucfs=1&arphpl=1&dest_id=-3730078&dest_type=city&group_adults=2&req_adults=2&no_rooms=1&group_children=0&req_children=0&hpos=1&hapos=1&sr_order=popularity&srpvid=2a26524453f106c8&srepoch=1755863502&from=searchresults,0,error:AttributeError,3.55,1,300,0,0,
scrapy,2025-08-26T12-46-12Z,2025-08-26T14:46:36.270705+00:00,2025-08-26T14:46:39.541633+00:00,www.booking.com,233,https://www.booking.com/hotel/vn/song-anh.html?label=gen173nr-10CAEoggI46AdIM1gEaPQBiAEBmAEzuAEXyAEM2AED6AEB-AEBiAIBqAIBuALsnaHFBsACAdICJDU4YTNlMmQ2LTIwNWItNDcxMi05MmU2LWE5NjM4OTUwNTUxMdgCAeACAQ&aid=304142&ucfs=1&arphpl=1&dest_id=-3730078&dest_type=city&group_adults=2&req_adults=2&no_rooms=1&group_children=0&req_children=0&hpos=2&hapos=2&sr_order=popularity&srpvid=2a26524453f106c8&srepoch=1755863502&from=searchresults,0,error:AttributeError,3.27,1,300,0,0,
scrapy,2025-08-26T12-46-12Z,2025-08-26T14:47:06.782875+00:00,2025-08-26T14:47:10.178118+00:00,www.booking.com,234,https://www.booking.com/hotel/vn/saigon-memories-free-city-walk-experience-amazing-infinity-pool-amp-free-4g-sim.html?label=gen173nr-10CAEoggI46AdIM1gEaPQBiAEBmAEzuAEXyAEM2AED6AEB-AEBiAIBqAIBuALsnaHFBsACAdICJDU4YTNlMmQ2LTIwNWItNDcxMi05MmU2LWE5NjM4OTUwNTUxMdgCAeACAQ&aid=304142&ucfs=1&arphpl=1&dest_id=-3730078&dest_type=city&group_adults=2&req_adults=2&no_rooms=1&group_children=0&req_children=0&hpos=3&hapos=3&sr_order=popularity&srpvid=2a26524453f106c8&srepoch=1755863502&from=searchresults,0,error:AttributeError,3.39,1,300,0,0,
scrapy,2025-08-26T12-46-12Z,2025-08-26T14:47:36.834928+00:00,2025-08-26T14:47:40.663292+00:00,www.booking.com,235,https://www.booking.com/hotel/vn/tuyet-lucky-apartments.html?label=gen173nr-10CAEoggI46AdIM1gEaPQBiAEBmAEzuAEXyAEM2AED6AEB-AEBiAIBqAIBuALsnaHFBsACAdICJDU4YTNlMmQ2LTIwNWItNDcxMi05MmU2LWE5NjM4OTUwNTUxMdgCAeACAQ&aid=304142&ucfs=1&arphpl=1&dest_id=-3730078&dest_type=city&group_adults=2&req_adults=2&no_rooms=1&group_children=0&req_children=0&hpos=4&hapos=4&sr_order=popularity&srpvid=2a26524453f106c8&srepoch=1755863502&from=searchresults,0,error:AttributeError,3.83,1,300,0,0,
scrapy,2025-08-26T12-46-12Z,2025-08-26T14:48:04.328410+00:00,2025-08-26T14:48:07.583439+00:00,www.booking.com,236,https://www.booking.com/hotel/vn/hephaestus-signature.html?label=gen173nr-10CAEoggI46AdIM1gEaPQBiAEBmAEzuAEXyAEM2AED6AEB-AEBiAIBqAIBuALsnaHFBsACAdICJDU4YTNlMmQ2LTIwNWItNDcxMi05MmU2LWE5NjM4OTUwNTUxMdgCAeACAQ&aid=304142&ucfs=1&arphpl=1&dest_id=-3730078&dest_type=city&group_adults=2&req_adults=2&no_rooms=1&group_children=0&req_children=0&hpos=5&hapos=5&sr_order=popularity&srpvid=2a26524453f106c8&srepoch=1755863502&from=searchresults,0,error:AttributeError,3.25,1,300,0,0,
scrapy,2025-08-26T12-46-12Z,2025-08-26T14:48:36.593217+00:00,2025-08-26T14:48:39.821824+00:00,www.booking.com,237,https://www.booking.com/hotel/vn/mark-apartment-millennium-masteri.html?label=gen173nr-10CAEoggI46AdIM1gEaPQBiAEBmAEzuAEXyAEM2AED6AEB-AEBiAIBqAIBuALsnaHFBsACAdICJDU4YTNlMmQ2LTIwNWItNDcxMi05MmU2LWE5NjM4OTUwNTUxMdgCAeACAQ&aid=304142&ucfs=1&arphpl=1&dest_id=-3730078&dest_type=city&group_adults=2&req_adults=2&no_rooms=1&group_children=0&req_children=0&hpos=6&hapos=6&sr_order=popularity&srpvid=2a26524453f106c8&srepoch=1755863502&from=searchresults,0,error:AttributeError,3.23,1,300,0,0,
scrapy,2025-08-26T12-46-12Z,2025-08-26T14:49:03.168331+00:00,2025-08-26T14:49:05.865079+00:00,www.booking.com,238,https://www.booking.com/hotel/vn/soul-station-studio-go-vap.html?label=gen173nr-10CAEoggI46AdIM1gEaPQBiAEBmAEzuAEXyAEM2AED6AEB-AEBiAIBqAIBuALsnaHFBsACAdICJDU4YTNlMmQ2LTIwNWItNDcxMi05MmU2LWE5NjM4OTUwNTUxMdgCAeACAQ&aid=304142&ucfs=1&arphpl=1&dest_id=-3730078&dest_type=city&group_adults=2&req_adults=2&no_rooms=1&group_children=0&req_children=0&hpos=7&hapos=7&sr_order=popularity&srpvid=2a26524453f106c8&srepoch=1755863502&from=searchresults,0,error:AttributeError,2.7,1,300,0,0,
scrapy,2025-08-26T12-46-12Z,2025-08-26T14:49:30.737407+00:00,2025-08-26T14:49:33.793560+00:00,www.booking.com,239,https://www.booking.com/hotel/vn/lovely-saigon-apartment.html?label=gen173nr-10CAEoggI46AdIM1gEaPQBiAEBmAEzuAEXyAEM2AED6AEB-AEBiAIBqAIBuALsnaHFBsACAdICJDU4YTNlMmQ2LTIwNWItNDcxMi05MmU2LWE5NjM4OTUwNTUxMdgCAeACAQ&aid=304142&ucfs=1&arphpl=1&dest_id=-3730078&dest_type=city&group_adults=2&req_adults=2&no_rooms=1&group_children=0&req_children=0&hpos=8&hapos=8&sr_order=popularity&srpvid=2a26524453f106c8&srepoch=1755863502&from=searchresults,0,error:AttributeError,3.05,1,300,0,0,
scrapy,2025-08-26T12-46-12Z,2025-08-26T14:49:56.720120+00:00,2025-08-26T14:49:59.748363+00:00,www.booking.com,240,https://www.booking.com/hotel/vn/stay-with-me-millenium.html?label=gen173nr-10CAEoggI46AdIM1gEaPQBiAEBmAEzuAEXyAEM2AED6AEB-AEBiAIBqAIBuALsnaHFBsACAdICJDU4YTNlMmQ2LTIwNWItNDcxMi05MmU2LWE5NjM4OTUwNTUxMdgCAeACAQ&aid=304142&ucfs=1&arphpl=1&dest_id=-3730078&dest_type=city&group_adults=2&req_adults=2&no_rooms=1&group_children=0&req_children=0&hpos=9&hapos=9&sr_order=popularity&srpvid=2a26524453f106c8&srepoch=1755863502&from=searchresults,0,error:AttributeError,3.02,1,300,0,0,
scrapy,2025-08-26T12-46-12Z,2025-08-26T14:50:23.000610+00:00,2025-08-26T14:50:27.220686+00:00,www.booking.com,241,https://www.booking.com/hotel/vn/grand-du-lac-boutique-saigon-quan-11.html?label=gen173nr-10CAEoggI46AdIM1gEaPQBiAEBmAEzuAEXyAEM2AED6AEB-AEBiAIBqAIBuALsnaHFBsACAdICJDU4YTNlMmQ2LTIwNWItNDcxMi05MmU2LWE5NjM4OTUwNTUxMdgCAeACAQ&aid=304142&ucfs=1&arphpl=1&dest_id=-3730078&dest_type=city&group_adults=2&req_adults=2&no_rooms=1&group_children=0&req_children=0&hpos=10&hapos=10&sr_order=popularity&srpvid=2a26524453f106c8&srepoch=1755863502&from=searchresults,0,error:AttributeError,4.22,1,300,0,0,
scrapy,2025-08-26T12-46-12Z,2025-08-26T14:50:56.086835+00:00,2025-08-26T14:50:59.012065+00:00,uk.trip.com,242,https://uk.trip.com/hotels/detail/?cityId=338&hotelId=730520&checkIn=2025-05-13&checkOut=2025-05-14&adult=2&children=0&subStamp=440&crn=1&ages=&travelpurpose=0&curr=GBP&link=title&hoteluniquekey=H4sIAAAAAAAAAOOaxMjFJMEkxMTBKNXOyHFj3bHnzBa_BR0fVomsc-dtdPDcIdf6OrCsxSGAZxKjGCcDCDgEOggag0Cwr4MTE4frDMYZp3U2MoJVekQ77GBkOsHouoBp8c7NSruYgPKHmFg4iiWYTjExXGJiuMXE8IiJ4RUTwycmhl8g2SZmhi5mhknMYDWzmBkWMTNI8ZgZG5lYGKaZpaUYmigIaRyc2H2QzUhpEiOTu9MpRilDcxNzQwNLI2MzE0tTvSSLFKNUt6y05MpCEytmKUY3D8YgNidLRydLiygtLmZ3pwBBzp8L0jf_UnKQAvEUYTwtEM8QxktiTc3TdXfKmCJUwNjAyNzFyCHA6MEYwVjB-IoRpPAHyJcAg56hzS8BAAA&subChannel=&masterhotelid_tracelogid=632481f6fd14&NewTaxDescForAmountshowtype0=F&detailFilters=17%7C1~17~1*80%7C3%7C1~80~3&hotelType=normal&isFirstEnterDetail=T&barcurr=GBP&locale=en-GB&isRightClick=T,0,error:AttributeError,2.92,1,300,0,0,
scrapy,2025-08-26T12-46-12Z,2025-08-26T14:51:25.869859+00:00,2025-08-26T14:51:26.686470+00:00,uk.trip.com,243,https://uk.trip.com/hotels/detail/?cityId=338&hotelId=730591&checkIn=2025-05-13&checkOut=2025-05-14&adult=2&children=0&subStamp=440&crn=1&ages=&travelpurpose=0&curr=GBP&link=title&hoteluniquekey=H4sIAAAAAAAAAOM6xsTFJMEkxMTBKLWbiWNiz_T7rBa_BR2_acT0H5o2wcHz-uICW66Xkx0CeAoZwKDEoZExDQTCCh0mMS5i5IQIpzoItr4O3CHnmuSg5MIxe9oUOwF9icVLrhxgUmDUhChJcTCEMSwaBR0hhiQ6eMIYQawcKxglmKJYObZxS7AoOXOcbn0tLCAi8frdZRymxBIyxIkZyJvBeP-0zkZGLpBXJmU57GBkOcHYxriAqavvscUuJpCKQ0ysHA-Auk4xMVxiYrjFxPAIKHABGC6vmBg-AZlvxCRYfoFVNjEzdDEzTGKGqJ_FDFG2iJlBisfM2MjEwjDNLC3F0ERBSOPgxO6DbEZKkxiZ3J1OMUoZmpuYGxpYGhmbmVia6iVZpBilumWlJVcWmlgxSzG6eTAGsTkamhiYGEVpcTG7OwUIcv5ckL75l5KDFIinCONpgXiGMF4Sa2qerrtTxhShAsYGRuYuRg4BRg_GCMYKxleMIIU_QD4HAKahdEPjAQAA&subChannel=&masterhotelid_tracelogid=632481f6fd14&NewTaxDescForAmountshowtype0=F&detailFilters=17%7C1~17~1*80%7C3%7C1~80~3&hotelType=normal&isFirstEnterDetail=T&barcurr=GBP&locale=en-GB&isRightClick=T,0,error:AttributeError,0.81,1,300,0,0,
scrapy,2025-08-26T12-46-12Z,2025-08-26T14:51:52.287611+00:00,2025-08-26T14:51:52.909430+00:00,uk.trip.com,244,https://uk.trip.com/hotels/detail/?cityId=10292&hotelId=122428907&checkIn=2025-05-13&checkOut=2025-05-14&adult=2&children=0&subStamp=440&crn=1&ages=&travelpurpose=0&curr=GBP&link=title&hoteluniquekey=H4sIAAAAAAAAAONaxsjFJMEkxMTBKDWbkeNFe_9HViFmQwMjgweMFlvlHQ9_1Yjp16tw8GQAgTM1DgE8kxglOVtfB-6QYw1wEPwGlD5k6uvgxMrxXVWCZQbj690brDYygoVLgxx2MDKdYDRcwDTj6DWrXUwQNYeAdBebBMspJoZLTAy3mBgeMTG8YmL4xMTwC6qiiZmhi5lhEjNE3SxmhkXMDFI8ZsZGJhaGaWZpKYYmCkIaByd2H2QzUprEyOTudIpRytDcxNzQwNLI2MzE0lQvySLFKNUtKy25stDEilmK0c2DMYjNzMXZwsQiSouLOTTYRVB8-0WGe4dkHKSY3Z0CFDl_Lkjf_EvJQQvEM4TxklhT83TdnTKmCBUwNjAydzFyCDB6MEYwVjC-YgQp_AH2LgARm6LiRAEAAA&subChannel=&masterhotelid_tracelogid=632481f6fd14&NewTaxDescForAmountshowtype0=F&detailFilters=17%7C1~17~1*80%7C3%7C1~80~3&hotelType=normal&isFirstEnterDetail=T&barcurr=GBP&locale=en-GB&isRightClick=T,0,error:AttributeError,0.62,1,300,0,0,
scrapy,2025-08-26T12-46-12Z,2025-08-26T14:52:19.878516+00:00,2025-08-26T14:52:20.582081+00:00,uk.trip.com,245,https://uk.trip.com/hotels/detail/?cityId=338&hotelId=730568&checkIn=2025-05-13&checkOut=2025-05-14&adult=2&children=0&subStamp=440&crn=1&ages=&travelpurpose=0&curr=GBP&link=title&hoteluniquekey=H4sIAAAAAAAAAOOawcjFJMEkxMTBKNXLyHFnztQHzBa_BR09HlaJrHs10cGTAQQapjoE8ExiFOcE8xSSHATBjAtxDk7MHBMZZzCeOK2zkfHwV42Y_lU5DjsYmU4wTmRcwPR08lSlXUwgFYeYWDk-CkmwnGJiuMTEcIuJ4RETwysmhk9MDL_A8k3MDF3MDJOYIapmMTMsYmaQ4jEzNjKxMEwzS0sxNFEQ0jg4sfsgm5HSJEYmd6dTjFKG5ibmhgaWRsZmJpamekkWKUapbllpyZWFJlbMUoxuHoxBbM6uZsYGblFaXMzuTgGCnD8XpG_-peQgBeIpwnhaIJ4hjJfEmpqn6-6UMUWogLGBkbmLkUOA0YMxgrGC8RUjSOEPkFcBB7BndjUBAAA&subChannel=&masterhotelid_tracelogid=632481f6fd14&NewTaxDescForAmountshowtype0=F&detailFilters=17%7C1~17~1*80%7C3%7C1~80~3&hotelType=normal&isFirstEnterDetail=T&barcurr=GBP&locale=en-GB&isRightClick=T,0,error:AttributeError,0.7,1,300,0,0,
scrapy,2025-08-26T12-46-12Z,2025-08-26T14:52:50.447634+00:00,2025-08-26T14:52:51.078164+00:00,uk.trip.com,246,https://uk.trip.com/hotels/detail/?cityId=19737&hotelId=2544446&checkIn=2025-05-13&checkOut=2025-05-14&adult=2&children=0&subStamp=440&crn=1&ages=&travelpurpose=0&curr=GBP&link=title&hoteluniquekey=H4sIAAAAAAAAAONaycjFJMEkxMTBKDWPkaPl_c_rrELMhgZGBg8YLbbKO9pyXV9c8LLewTOm_9BXDZZmhwCeSYySnDvkWl8HaoQ6CIKFY4IdnFg5eowkWGYw7ls2m3EFI-NGxjeBQEXVEQ47GJlOMDosYDrT3Gaxiwmi7BCQ7uCQYDnFxHCJieEWE8MjJoZXTAyfmBh-QVU0MTN0MTNMYoaom8XMsIiZQYrHzNjIxMIwzSwtxdBEQUjj4MTug2xGSpMYmdydTjFKGZqbmBsaWBoZm5lYmuolWaQYpbplpSVXFppYMUsxunkwBrEZGxkaulhGaXExhwa7CIpvv8hw75CMgxSzu1OAIufPBembfyk5aIF4hjBeEmtqnq67U8YUoQLGBkbmLkYOAUYPxgjGCsZXjCCFP8A-BgDACSS7RwEAAA&subChannel=&masterhotelid_tracelogid=632481f6fd14&NewTaxDescForAmountshowtype0=F&detailFilters=17%7C1~17~1*80%7C3%7C1~80~3&hotelType=normal&isFirstEnterDetail=T&barcurr=GBP&locale=en-GB&isRightClick=T,0,error:AttributeError,0.62,1,300,0,0,
scrapy,2025-08-26T12-46-12Z,2025-08-26T14:53:12.837461+00:00,2025-08-26T14:53:13.612468+00:00,uk.trip.com,247,https://uk.trip.com/hotels/detail/?cityId=338&hotelId=2089820&checkIn=2025-05-13&checkOut=2025-05-14&adult=2&children=0&subStamp=440&crn=1&ages=&travelpurpose=0&curr=GBP&link=title&hoteluniquekey=H4sIAAAAAAAAAOOaw8jFJMEkxMTBKDWRkeP8jfd_WYUYjQw4LT4JOj6sElnnnrjJwXNJgS1XON82hwCeSYzinAwgMKPJQRDM2NPg4MTMcZllBuOdY_UbGYE6HlZl9DrsYGQ6wXiZZQHTlDnsu5hACg4xsXLs9ZVgOcXEcImJ4RYTwyMmhldMDJ-YGH6B5ZuYGbqYGSYxQ1TNYmZYxMwgxWNmbGRiYZhmlpZiaKIgpHFwYvdBNiOlSYxM7k6nGKUMzU3MDQ0sjYzNTCxN9ZIsUoxS3bLSkisLTayYpRjdPBiD2EwsHV0MTKK0uJjdnQIEOX8uSN_8S8lBCsRThPG0QDxDGC-JNTVP190pY4pQAWMDI3MXI4cAowdjBGMF4ytGkMIfIJ8CAM10mU05AQAA&subChannel=&masterhotelid_tracelogid=632481f6fd14&NewTaxDescForAmountshowtype0=F&detailFilters=17%7C1~17~1*80%7C3%7C1~80~3&hotelType=normal&isFirstEnterDetail=T&barcurr=GBP&locale=en-GB&isRightClick=T,0,error:AttributeError,0.78,1,300,0,0,
scrapy,2025-08-26T12-46-12Z,2025-08-26T14:53:36.989618+00:00,2025-08-26T14:53:37.710628+00:00,uk.trip.com,248,https://uk.trip.com/hotels/detail/?cityId=10287&hotelId=5576754&checkIn=2025-05-13&checkOut=2025-05-14&adult=2&children=0&subStamp=440&crn=1&ages=&travelpurpose=0&curr=GBP&link=title&hoteluniquekey=H4sIAAAAAAAAAOOazcjFJMEkxMTBKDWBkaNz6rQdrEKMRgZz2SzOhzi2vg7cIXe02cGz_9BXjZid7Q4BPJMYxTgZwCDEQXDWTBAIdHBi4giYwbhpwxWmjYxBO-RaXy-Md9jByHSCMWAB053zJzh3MQEVHGJi5djKJcFyionhEhPDLSaGR0wMr5gYPjEx_AJJNzEzdDEzTGKGKJrFzLCImUGKx8zYyMTCMM0sLcXQREFI4-DE7oNsRkqTGJncnU4xShmam5gbGlgaGZuZWJrqJVmkGKW6ZaUlVxaaWDFLMbp5MAaxGQINcHGL0uJidncKEOT8uSB98y8lBykQTxHG0wLxDGG8JNbUPF13p4wpQgWMDYzMXYwcAowejBGMFYyvGEEKf4A9CgDpLViyOQEAAA&subChannel=&masterhotelid_tracelogid=632481f6fd14&NewTaxDescForAmountshowtype0=F&detailFilters=17%7C1~17~1*80%7C3%7C1~80~3&hotelType=normal&isFirstEnterDetail=T&barcurr=GBP&locale=en-GB&isRightClick=T,0,error:AttributeError,0.72,1,300,0,0,
scrapy,2025-08-26T12-46-12Z,2025-08-26T14:54:01.000124+00:00,2025-08-26T14:54:01.672505+00:00,uk.trip.com,249,https://uk.trip.com/hotels/detail/?cityId=10292&hotelId=3723506&checkIn=2025-05-13&checkOut=2025-05-14&adult=2&children=0&subStamp=440&crn=1&ages=&travelpurpose=0&curr=GBP&link=title&hoteluniquekey=H4sIAAAAAAAAAONaxsjFJMEkxMTBKDWbkePS7gMPWIWYDQ2MDB4wWmyVd_ymEdN_qL_DwXPWTCBg7XUI4JnEKMnZ-jpwh5xqgoPgDjkgsyPGwYmVY5ePBMsMxk8LHzNuZOw_9FUj5nqiww5GphOMSQuYNr27ybiLCaLmEJB-wC3BcoqJ4RITwy0mhkdMDK-YGD4xMfyCqmhiZuhiZpjEDFE3i5lhETODFI-ZsZGJhWGaWVqKoYmCkMbBid0H2YyUJjEyuTudYpQyNDcxNzSwNDI2M7E01UuySDFKdctKS64sNLFilmJ082AMYjNwNjIyM4jS4mIODXYRFN9-keHeIRkHKWZ3pwBFzp8L0jf_UnLQAvEMYbwk1tQ8XXenjClCBYwNjMxdjBwCjB6MEYwVjK8YQQp_gL0LAFnfh7REAQAA&subChannel=&masterhotelid_tracelogid=632481f6fd14&NewTaxDescForAmountshowtype0=F&detailFilters=17%7C1~17~1*80%7C3%7C1~80~3&hotelType=normal&isFirstEnterDetail=T&barcurr=GBP&locale=en-GB&isRightClick=T,0,error:AttributeError,0.69,1,300,0,0,
scrapy,2025-08-26T12-46-12Z,2025-08-26T14:54:26.920969+00:00,2025-08-26T14:54:27.585259+00:00,uk.trip.com,250,https://uk.trip.com/hotels/detail/?cityId=35354&hotelId=104581120&checkIn=2025-05-13&checkOut=2025-05-14&adult=2&children=0&subStamp=440&crn=1&ages=&travelpurpose=0&curr=GBP&link=title&hoteluniquekey=H4sIAAAAAAAAAONaxsjFJMEkxMTBKDWbkWPLm5efWIWYDQ2MDB4wWmyVd3wTuEOu9X-Dg2cQkH7t3OIQwDOJUZIzpv_QV42eMAdBj4dVIuuWhzg4sXJsMpVgmcHYMOG94UZGYxBQjnLYwch0gtFlAdOb7i-Gu5ggag4B6XMcEiynmBguMTHcYmJ4xMTwionhExPDL6iKJmaGLmaGScwQdbOYGRYxM0jxmBkbmVgYppmlpRiaKAhpHJzYfZDNSGkSI5O70ylGKUNzE3NDA0sjYzMTS1O9JIsUo1S3rLTkykITK2YpRjcPxiA2c0NDVwvHKC0u5tBgF0Hx7RcZ7h2ScZBidncKUOT8uSB98y8lBy0QzxDGS2JNzdN1d8qYIlTA2MDI3MXIIcDowRjBWMH4ihGk8AfYuwDroh0oRAEAAA&subChannel=&masterhotelid_tracelogid=632481f6fd14&NewTaxDescForAmountshowtype0=F&detailFilters=17%7C1~17~1*80%7C3%7C1~80~3&hotelType=normal&isFirstEnterDetail=T&barcurr=GBP&locale=en-GB&isRightClick=T,0,error:AttributeError,0.67,1,300,0,0,
scrapy,2025-08-26T12-46-12Z,2025-08-26T14:54:55.313932+00:00,2025-08-26T14:54:56.610032+00:00,uk.trip.com,251,https://uk.trip.com/hotels/detail/?cityId=338&hotelId=731925&checkIn=2025-05-13&checkOut=2025-05-14&adult=2&children=0&subStamp=440&crn=1&ages=&travelpurpose=0&curr=GBP&link=title&hoteluniquekey=H4sIAAAAAAAAAONazMjFJMEkxMTBKDWDkWPh892_WYUYjQyeMFqsj3ZMAwGDTgdPruuLC2yt-hwCeCYxSnK-Cdwh11od6SAY03_oq0ZOqIMTK8dFfwmWGYxTr-lsZAQJxqinOOxgZDrBmLaA6d752wq7mCBKDgHpxbwSLKeYGC4xMdxiYnjExPCKieETE8MvqIomZoYuZoZJzBB1s5gZFjEzSPGYGRuZWBimmaWlGJooCGkcnNh9kM1IaRIjk7vTKUYpQ3MTc0MDSyNjMxNLU70kixSjVLestOTKQhMrZilGNw_GIDZjF3NXM5coLS5md6cAQc6fC9I3_1JykALxFGE8LRDPEMZLYk3N03V3ypgiVMDYwMjcxcghwOjBGMFYwfiKEaTwB8i3AGPpv9RAAQAA&subChannel=&masterhotelid_tracelogid=632481f6fd14&NewTaxDescForAmountshowtype0=F&detailFilters=17%7C1~17~1*80%7C3%7C1~80~3&hotelType=normal&isFirstEnterDetail=T&barcurr=GBP&locale=en-GB&isRightClick=T,0,error:AttributeError,1.3,1,300,0,0,
scrapy,2025-08-26T12-46-12Z,2025-08-26T14:55:18.570408+00:00,2025-08-26T14:55:23.164307+00:00,www.propertyguru.com.sg,252,https://www.propertyguru.com.sg/listing/hdb-for-sale-631-hougang-avenue-8-25616529,0,error:AttributeError,4.59,1,300,0,0,
scrapy,2025-08-26T12-46-12Z,2025-08-26T14:55:49.333189+00:00,2025-08-26T14:55:50.907121+00:00,www.propertyguru.com.sg,253,https://www.propertyguru.com.sg/listing/hdb-for-sale-155-rivervale-crescent-25580578,0,error:AttributeError,1.58,1,300,0,0,
scrapy,2025-08-26T12-46-12Z,2025-08-26T14:56:15.784323+00:00,2025-08-26T14:56:16.129938+00:00,www.propertyguru.com.sg,254,https://www.propertyguru.com.sg/listing/hdb-for-sale-938-hougang-street-92-25615566,0,error:AttributeError,0.34,1,300,0,0,
scrapy,2025-08-26T12-46-12Z,2025-08-26T14:56:39.728090+00:00,2025-08-26T14:56:40.076051+00:00,www.propertyguru.com.sg,255,https://www.propertyguru.com.sg/listing/hdb-for-sale-987a-buangkok-green-25615573,0,error:AttributeError,0.34,1,300,0,0,
scrapy,2025-08-26T12-46-12Z,2025-08-26T14:57:01.008083+00:00,2025-08-26T14:57:01.350106+00:00,www.propertyguru.com.sg,256,https://www.propertyguru.com.sg/listing/hdb-for-sale-501-choa-chu-kang-street-51-25440210,0,error:AttributeError,0.34,1,300,0,0,
scrapy,2025-08-26T12-46-12Z,2025-08-26T14:57:21.840821+00:00,2025-08-26T14:57:22.214110+00:00,www.propertyguru.com.sg,257,https://www.propertyguru.com.sg/listing/for-sale-best-deal-high-value-gcba-near-botanic-gardens-mrt-25560721,0,error:AttributeError,0.38,1,300,0,0,
scrapy,2025-08-26T12-46-12Z,2025-08-26T14:57:43.409555+00:00,2025-08-26T14:57:43.730370+00:00,www.propertyguru.com.sg,258,https://www.propertyguru.com.sg/listing/for-sale-ritz-farrer-24738386,0,error:AttributeError,0.31,1,300,0,0,
scrapy,2025-08-26T12-46-12Z,2025-08-26T14:58:09.078677+00:00,2025-08-26T14:58:09.420417+00:00,www.propertyguru.com.sg,259,https://www.propertyguru.com.sg/listing/for-sale-ferraria-park-condo-25221255,0,error:AttributeError,0.33,1,300,0,0,
scrapy,2025-08-26T12-46-12Z,2025-08-26T14:58:37.926211+00:00,2025-08-26T14:58:38.283009+00:00,www.propertyguru.com.sg,260,https://www.propertyguru.com.sg/listing/hdb-for-sale-36-margaret-drive-25575899,0,error:AttributeError,0.36,1,300,0,0,
scrapy,2025-08-26T12-46-12Z,2025-08-26T14:59:01.210551+00:00,2025-08-26T14:59:01.561330+00:00,www.propertyguru.com.sg,261,https://www.propertyguru.com.sg/listing/hdb-for-sale-440b-fernvale-link-25508403,0,error:AttributeError,0.34,1,300,0,0,
scrapy,2025-08-26T12-46-12Z,2025-08-26T14:59:24.809079+00:00,2025-08-26T14:59:25.676666+00:00,www.realestate.com.au,262,https://www.realestate.com.au/property-unit-nsw-north+sydney-148041384,0,error:AttributeError,0.88,1,300,0,0,
